-- =============================================
-- SEED DATA FROM DUMMYJSON (5 CATEGORIES)
-- =============================================

-- Make sure columns exist
ALTER TABLE products ADD COLUMN IF NOT EXISTS tags TEXT[] DEFAULT '{}';
ALTER TABLE products ADD COLUMN IF NOT EXISTS reviews JSONB DEFAULT '[]'::jsonb;

DELETE FROM order_items;
DELETE FROM product_variants;
DELETE FROM product_images;
DELETE FROM products;
DELETE FROM categories;

-- 1. Insert Categories
INSERT INTO categories (id, name, slug, description) VALUES
('cat-men', 'Men', 'men', 'Premium menswear for the modern gentleman.'),
('cat-women', 'Women', 'women', 'Elegant womenswear for every occasion.'),
('cat-shoes', 'Shoes', 'shoes', 'Step up your game with luxury footwear.'),
('cat-accessories', 'Accessories', 'accessories', 'Complete your look with premium accessories.'),
('cat-beauty', 'Beauty', 'beauty', 'Luxury skincare, beauty, and fragrances.');

-- 2. Insert Products
INSERT INTO products (id, category_id, name, slug, description, brand, price, compare_at_price, stock_quantity, sizes, colors, rating, review_count, is_featured, is_active, tags, reviews) VALUES
('prod-1', 'cat-beauty', 'Essence Mascara Lash Princess', 'essence-mascara-lash-princess-1', 'The Essence Mascara Lash Princess is a popular mascara known for its volumizing and lengthening effects. Achieve dramatic lashes with this long-lasting and cruelty-free formula.', 'Essence', 9.99, 11.16, 99, ARRAY['Standard']::TEXT[], ARRAY['Classic']::TEXT[], 2.56, 3, false, true, ARRAY['beauty','mascara']::TEXT[], '[{"rating":3,"comment":"Would not recommend!","date":"2025-04-30T09:41:02.053Z","reviewerName":"Eleanor Collins","reviewerEmail":"eleanor.collins@x.dummyjson.com"},{"rating":4,"comment":"Very satisfied!","date":"2025-04-30T09:41:02.053Z","reviewerName":"Lucas Gordon","reviewerEmail":"lucas.gordon@x.dummyjson.com"},{"rating":5,"comment":"Highly impressed!","date":"2025-04-30T09:41:02.053Z","reviewerName":"Eleanor Collins","reviewerEmail":"eleanor.collins@x.dummyjson.com"}]'::jsonb),
('prod-2', 'cat-beauty', 'Eyeshadow Palette with Mirror', 'eyeshadow-palette-with-mirror-2', 'The Eyeshadow Palette with Mirror offers a versatile range of eyeshadow shades for creating stunning eye looks. With a built-in mirror, it''s convenient for on-the-go makeup application.', 'Glamour Beauty', 19.99, 24.43, 34, ARRAY['Standard']::TEXT[], ARRAY['Classic']::TEXT[], 2.86, 3, false, true, ARRAY['beauty','eyeshadow']::TEXT[], '[{"rating":5,"comment":"Great product!","date":"2025-04-30T09:41:02.053Z","reviewerName":"Savannah Gomez","reviewerEmail":"savannah.gomez@x.dummyjson.com"},{"rating":4,"comment":"Awesome product!","date":"2025-04-30T09:41:02.053Z","reviewerName":"Christian Perez","reviewerEmail":"christian.perez@x.dummyjson.com"},{"rating":1,"comment":"Poor quality!","date":"2025-04-30T09:41:02.053Z","reviewerName":"Nicholas Bailey","reviewerEmail":"nicholas.bailey@x.dummyjson.com"}]'::jsonb),
('prod-3', 'cat-beauty', 'Powder Canister', 'powder-canister-3', 'The Powder Canister is a finely milled setting powder designed to set makeup and control shine. With a lightweight and translucent formula, it provides a smooth and matte finish.', 'Velvet Touch', 14.99, 16.63, 89, ARRAY['Standard']::TEXT[], ARRAY['Classic']::TEXT[], 4.64, 3, true, true, ARRAY['beauty','face powder']::TEXT[], '[{"rating":4,"comment":"Would buy again!","date":"2025-04-30T09:41:02.053Z","reviewerName":"Alexander Jones","reviewerEmail":"alexander.jones@x.dummyjson.com"},{"rating":5,"comment":"Highly impressed!","date":"2025-04-30T09:41:02.053Z","reviewerName":"Elijah Cruz","reviewerEmail":"elijah.cruz@x.dummyjson.com"},{"rating":1,"comment":"Very dissatisfied!","date":"2025-04-30T09:41:02.053Z","reviewerName":"Avery Perez","reviewerEmail":"avery.perez@x.dummyjson.com"}]'::jsonb),
('prod-4', 'cat-beauty', 'Red Lipstick', 'red-lipstick-4', 'The Red Lipstick is a classic and bold choice for adding a pop of color to your lips. With a creamy and pigmented formula, it provides a vibrant and long-lasting finish.', 'Chic Cosmetics', 12.99, 14.79, 91, ARRAY['Standard']::TEXT[], ARRAY['Classic']::TEXT[], 4.36, 3, false, true, ARRAY['beauty','lipstick']::TEXT[], '[{"rating":4,"comment":"Great product!","date":"2025-04-30T09:41:02.053Z","reviewerName":"Liam Garcia","reviewerEmail":"liam.garcia@x.dummyjson.com"},{"rating":5,"comment":"Great product!","date":"2025-04-30T09:41:02.053Z","reviewerName":"Ruby Andrews","reviewerEmail":"ruby.andrews@x.dummyjson.com"},{"rating":5,"comment":"Would buy again!","date":"2025-04-30T09:41:02.053Z","reviewerName":"Clara Berry","reviewerEmail":"clara.berry@x.dummyjson.com"}]'::jsonb),
('prod-5', 'cat-beauty', 'Red Nail Polish', 'red-nail-polish-5', 'The Red Nail Polish offers a rich and glossy red hue for vibrant and polished nails. With a quick-drying formula, it provides a salon-quality finish at home.', 'Nail Couture', 8.99, 10.15, 79, ARRAY['Standard']::TEXT[], ARRAY['Classic']::TEXT[], 4.32, 3, false, true, ARRAY['beauty','nail polish']::TEXT[], '[{"rating":2,"comment":"Poor quality!","date":"2025-04-30T09:41:02.053Z","reviewerName":"Benjamin Wilson","reviewerEmail":"benjamin.wilson@x.dummyjson.com"},{"rating":5,"comment":"Great product!","date":"2025-04-30T09:41:02.053Z","reviewerName":"Liam Smith","reviewerEmail":"liam.smith@x.dummyjson.com"},{"rating":1,"comment":"Very unhappy with my purchase!","date":"2025-04-30T09:41:02.053Z","reviewerName":"Clara Berry","reviewerEmail":"clara.berry@x.dummyjson.com"}]'::jsonb),
('prod-6', 'cat-beauty', 'Calvin Klein CK One', 'calvin-klein-ck-one-6', 'CK One by Calvin Klein is a classic unisex fragrance, known for its fresh and clean scent. It''s a versatile fragrance suitable for everyday wear.', 'Calvin Klein', 49.99, 50.95, 29, ARRAY['Standard']::TEXT[], ARRAY['Classic']::TEXT[], 4.37, 3, false, true, ARRAY['fragrances','perfumes']::TEXT[], '[{"rating":2,"comment":"Very disappointed!","date":"2025-04-30T09:41:02.053Z","reviewerName":"Layla Young","reviewerEmail":"layla.young@x.dummyjson.com"},{"rating":4,"comment":"Fast shipping!","date":"2025-04-30T09:41:02.053Z","reviewerName":"Daniel Cook","reviewerEmail":"daniel.cook@x.dummyjson.com"},{"rating":3,"comment":"Not as described!","date":"2025-04-30T09:41:02.053Z","reviewerName":"Jacob Cooper","reviewerEmail":"jacob.cooper@x.dummyjson.com"}]'::jsonb),
('prod-7', 'cat-beauty', 'Chanel Coco Noir Eau De', 'chanel-coco-noir-eau-de-7', 'Coco Noir by Chanel is an elegant and mysterious fragrance, featuring notes of grapefruit, rose, and sandalwood. Perfect for evening occasions.', 'Chanel', 129.99, 155.7, 58, ARRAY['Standard']::TEXT[], ARRAY['Classic']::TEXT[], 4.26, 3, false, true, ARRAY['fragrances','perfumes']::TEXT[], '[{"rating":4,"comment":"Highly impressed!","date":"2025-04-30T09:41:02.053Z","reviewerName":"Ruby Andrews","reviewerEmail":"ruby.andrews@x.dummyjson.com"},{"rating":5,"comment":"Awesome product!","date":"2025-04-30T09:41:02.053Z","reviewerName":"Leah Henderson","reviewerEmail":"leah.henderson@x.dummyjson.com"},{"rating":5,"comment":"Very happy with my purchase!","date":"2025-04-30T09:41:02.053Z","reviewerName":"Xavier Wright","reviewerEmail":"xavier.wright@x.dummyjson.com"}]'::jsonb),
('prod-8', 'cat-beauty', 'Dior J''adore', 'dior-jadore-8', 'J''adore by Dior is a luxurious and floral fragrance, known for its blend of ylang-ylang, rose, and jasmine. It embodies femininity and sophistication.', 'Dior', 89.99, 105.52, 98, ARRAY['Standard']::TEXT[], ARRAY['Classic']::TEXT[], 3.8, 3, false, true, ARRAY['fragrances','perfumes']::TEXT[], '[{"rating":5,"comment":"Great value for money!","date":"2025-04-30T09:41:02.053Z","reviewerName":"Nicholas Bailey","reviewerEmail":"nicholas.bailey@x.dummyjson.com"},{"rating":4,"comment":"Great value for money!","date":"2025-04-30T09:41:02.053Z","reviewerName":"Penelope Harper","reviewerEmail":"penelope.harper@x.dummyjson.com"},{"rating":4,"comment":"Great product!","date":"2025-04-30T09:41:02.053Z","reviewerName":"Emma Miller","reviewerEmail":"emma.miller@x.dummyjson.com"}]'::jsonb),
('prod-9', 'cat-beauty', 'Dolce Shine Eau de', 'dolce-shine-eau-de-9', 'Dolce Shine by Dolce & Gabbana is a vibrant and fruity fragrance, featuring notes of mango, jasmine, and blonde woods. It''s a joyful and youthful scent.', 'Dolce & Gabbana', 69.99, 70.43, 4, ARRAY['Standard']::TEXT[], ARRAY['Classic']::TEXT[], 3.96, 3, false, true, ARRAY['fragrances','perfumes']::TEXT[], '[{"rating":4,"comment":"Would buy again!","date":"2025-04-30T09:41:02.053Z","reviewerName":"Mateo Bennett","reviewerEmail":"mateo.bennett@x.dummyjson.com"},{"rating":4,"comment":"Highly recommended!","date":"2025-04-30T09:41:02.053Z","reviewerName":"Nolan Gonzalez","reviewerEmail":"nolan.gonzalez@x.dummyjson.com"},{"rating":5,"comment":"Very happy with my purchase!","date":"2025-04-30T09:41:02.053Z","reviewerName":"Aurora Lawson","reviewerEmail":"aurora.lawson@x.dummyjson.com"}]'::jsonb),
('prod-10', 'cat-beauty', 'Gucci Bloom Eau de', 'gucci-bloom-eau-de-10', 'Gucci Bloom by Gucci is a floral and captivating fragrance, with notes of tuberose, jasmine, and Rangoon creeper. It''s a modern and romantic scent.', 'Gucci', 79.99, 93.44, 91, ARRAY['Standard']::TEXT[], ARRAY['Classic']::TEXT[], 2.74, 3, false, true, ARRAY['fragrances','perfumes']::TEXT[], '[{"rating":1,"comment":"Very dissatisfied!","date":"2025-04-30T09:41:02.053Z","reviewerName":"Cameron Perez","reviewerEmail":"cameron.perez@x.dummyjson.com"},{"rating":5,"comment":"Very happy with my purchase!","date":"2025-04-30T09:41:02.053Z","reviewerName":"Daniel Cook","reviewerEmail":"daniel.cook@x.dummyjson.com"},{"rating":4,"comment":"Highly impressed!","date":"2025-04-30T09:41:02.053Z","reviewerName":"Addison Wright","reviewerEmail":"addison.wright@x.dummyjson.com"}]'::jsonb),
('prod-48', 'cat-accessories', 'Bamboo Spatula', 'bamboo-spatula-48', 'The Bamboo Spatula is a versatile kitchen tool made from eco-friendly bamboo. Ideal for flipping, stirring, and serving various dishes.', 'Luxe', 7.99, 8.22, 37, ARRAY['Standard']::TEXT[], ARRAY['Classic']::TEXT[], 3.27, 3, false, true, ARRAY['kitchen tools','utensils']::TEXT[], '[{"rating":5,"comment":"Awesome product!","date":"2025-04-30T09:41:02.053Z","reviewerName":"Lucas Ramirez","reviewerEmail":"lucas.ramirez@x.dummyjson.com"},{"rating":5,"comment":"Highly recommended!","date":"2025-04-30T09:41:02.053Z","reviewerName":"Caleb Perkins","reviewerEmail":"caleb.perkins@x.dummyjson.com"},{"rating":4,"comment":"Highly recommended!","date":"2025-04-30T09:41:02.053Z","reviewerName":"Nolan Gonzalez","reviewerEmail":"nolan.gonzalez@x.dummyjson.com"}]'::jsonb),
('prod-49', 'cat-accessories', 'Black Aluminium Cup', 'black-aluminium-cup-49', 'The Black Aluminium Cup is a stylish and durable cup suitable for both hot and cold beverages. Its sleek black design adds a modern touch to your drinkware collection.', 'Luxe', 5.99, 7.1, 75, ARRAY['Standard']::TEXT[], ARRAY['Classic']::TEXT[], 4.46, 3, false, true, ARRAY['drinkware','cups']::TEXT[], '[{"rating":3,"comment":"Very disappointed!","date":"2025-04-30T09:41:02.053Z","reviewerName":"Alexander Hernandez","reviewerEmail":"alexander.hernandez@x.dummyjson.com"},{"rating":5,"comment":"Great value for money!","date":"2025-04-30T09:41:02.053Z","reviewerName":"Aurora Rodriguez","reviewerEmail":"aurora.rodriguez@x.dummyjson.com"},{"rating":1,"comment":"Not worth the price!","date":"2025-04-30T09:41:02.053Z","reviewerName":"Benjamin Foster","reviewerEmail":"benjamin.foster@x.dummyjson.com"}]'::jsonb),
('prod-50', 'cat-accessories', 'Black Whisk', 'black-whisk-50', 'The Black Whisk is a kitchen essential for whisking and beating ingredients. Its ergonomic handle and sleek design make it a practical and stylish tool.', 'Luxe', 9.99, 11.13, 73, ARRAY['Standard']::TEXT[], ARRAY['Classic']::TEXT[], 3.9, 3, false, true, ARRAY['kitchen tools','utensils']::TEXT[], '[{"rating":3,"comment":"Not worth the price!","date":"2025-04-30T09:41:02.053Z","reviewerName":"Cameron Perez","reviewerEmail":"cameron.perez@x.dummyjson.com"},{"rating":1,"comment":"Waste of money!","date":"2025-04-30T09:41:02.053Z","reviewerName":"Benjamin Foster","reviewerEmail":"benjamin.foster@x.dummyjson.com"},{"rating":5,"comment":"Very pleased!","date":"2025-04-30T09:41:02.053Z","reviewerName":"Paisley Bell","reviewerEmail":"paisley.bell@x.dummyjson.com"}]'::jsonb),
('prod-51', 'cat-accessories', 'Boxed Blender', 'boxed-blender-51', 'The Boxed Blender is a powerful and compact blender perfect for smoothies, shakes, and more. Its convenient design and multiple functions make it a versatile kitchen appliance.', 'Luxe', 39.99, 43.12, 9, ARRAY['Standard']::TEXT[], ARRAY['Classic']::TEXT[], 4.56, 3, true, true, ARRAY['kitchen appliances','blenders']::TEXT[], '[{"rating":5,"comment":"Very pleased!","date":"2025-04-30T09:41:02.053Z","reviewerName":"Ella Adams","reviewerEmail":"ella.adams@x.dummyjson.com"},{"rating":5,"comment":"Would buy again!","date":"2025-04-30T09:41:02.053Z","reviewerName":"Ruby Andrews","reviewerEmail":"ruby.andrews@x.dummyjson.com"},{"rating":5,"comment":"Very happy with my purchase!","date":"2025-04-30T09:41:02.053Z","reviewerName":"Aurora Lawson","reviewerEmail":"aurora.lawson@x.dummyjson.com"}]'::jsonb),
('prod-52', 'cat-accessories', 'Carbon Steel Wok', 'carbon-steel-wok-52', 'The Carbon Steel Wok is a versatile cooking pan suitable for stir-frying, sautéing, and deep frying. Its sturdy construction ensures even heat distribution for delicious meals.', 'Luxe', 29.99, 32.09, 40, ARRAY['Standard']::TEXT[], ARRAY['Classic']::TEXT[], 4.05, 3, false, true, ARRAY['cookware','woks']::TEXT[], '[{"rating":4,"comment":"Excellent quality!","date":"2025-04-30T09:41:02.053Z","reviewerName":"Nolan Bryant","reviewerEmail":"nolan.bryant@x.dummyjson.com"},{"rating":4,"comment":"Highly impressed!","date":"2025-04-30T09:41:02.053Z","reviewerName":"Luna Perez","reviewerEmail":"luna.perez@x.dummyjson.com"},{"rating":5,"comment":"Very satisfied!","date":"2025-04-30T09:41:02.053Z","reviewerName":"Noah Lewis","reviewerEmail":"noah.lewis@x.dummyjson.com"}]'::jsonb),
('prod-53', 'cat-accessories', 'Chopping Board', 'chopping-board-53', 'The Chopping Board is an essential kitchen accessory for food preparation. Made from durable material, it provides a safe and hygienic surface for cutting and chopping.', 'Luxe', 12.99, 14.12, 14, ARRAY['Standard']::TEXT[], ARRAY['Classic']::TEXT[], 3.7, 3, false, true, ARRAY['kitchen tools','cutting boards']::TEXT[], '[{"rating":5,"comment":"Great value for money!","date":"2025-04-30T09:41:02.053Z","reviewerName":"Xavier Wright","reviewerEmail":"xavier.wright@x.dummyjson.com"},{"rating":4,"comment":"Great value for money!","date":"2025-04-30T09:41:02.053Z","reviewerName":"Henry Turner","reviewerEmail":"henry.turner@x.dummyjson.com"},{"rating":4,"comment":"Fast shipping!","date":"2025-04-30T09:41:02.053Z","reviewerName":"Evelyn Walker","reviewerEmail":"evelyn.walker@x.dummyjson.com"}]'::jsonb),
('prod-54', 'cat-accessories', 'Citrus Squeezer Yellow', 'citrus-squeezer-yellow-54', 'The Citrus Squeezer in Yellow is a handy tool for extracting juice from citrus fruits. Its vibrant color adds a cheerful touch to your kitchen gadgets.', 'Luxe', 8.99, 10.23, 22, ARRAY['Standard']::TEXT[], ARRAY['Classic']::TEXT[], 4.63, 3, true, true, ARRAY['kitchen tools','juicers']::TEXT[], '[{"rating":4,"comment":"Highly recommended!","date":"2025-04-30T09:41:02.053Z","reviewerName":"Lucas Ramirez","reviewerEmail":"lucas.ramirez@x.dummyjson.com"},{"rating":4,"comment":"Great product!","date":"2025-04-30T09:41:02.053Z","reviewerName":"Eleanor Collins","reviewerEmail":"eleanor.collins@x.dummyjson.com"},{"rating":5,"comment":"Highly impressed!","date":"2025-04-30T09:41:02.053Z","reviewerName":"Mila Hernandez","reviewerEmail":"mila.hernandez@x.dummyjson.com"}]'::jsonb),
('prod-55', 'cat-accessories', 'Egg Slicer', 'egg-slicer-55', 'The Egg Slicer is a convenient tool for slicing boiled eggs evenly. It''s perfect for salads, sandwiches, and other dishes where sliced eggs are desired.', 'Luxe', 6.99, 8.2, 40, ARRAY['Standard']::TEXT[], ARRAY['Classic']::TEXT[], 3.09, 3, false, true, ARRAY['kitchen tools','slicers']::TEXT[], '[{"rating":3,"comment":"Very dissatisfied!","date":"2025-04-30T09:41:02.053Z","reviewerName":"Harper Garcia","reviewerEmail":"harper.garcia@x.dummyjson.com"},{"rating":4,"comment":"Very happy with my purchase!","date":"2025-04-30T09:41:02.053Z","reviewerName":"Lily Torres","reviewerEmail":"lily.torres@x.dummyjson.com"},{"rating":1,"comment":"Not worth the price!","date":"2025-04-30T09:41:02.053Z","reviewerName":"Tyler Davis","reviewerEmail":"tyler.davis@x.dummyjson.com"}]'::jsonb),
('prod-56', 'cat-accessories', 'Electric Stove', 'electric-stove-56', 'The Electric Stove provides a portable and efficient cooking solution. Ideal for small kitchens or as an additional cooking surface for various culinary needs.', 'Luxe', 49.99, 58.15, 21, ARRAY['Standard']::TEXT[], ARRAY['Classic']::TEXT[], 4.11, 3, false, true, ARRAY['kitchen appliances','cooktops']::TEXT[], '[{"rating":1,"comment":"Would not recommend!","date":"2025-04-30T09:41:02.053Z","reviewerName":"Ava Harris","reviewerEmail":"ava.harris@x.dummyjson.com"},{"rating":2,"comment":"Very dissatisfied!","date":"2025-04-30T09:41:02.053Z","reviewerName":"Liam Smith","reviewerEmail":"liam.smith@x.dummyjson.com"},{"rating":4,"comment":"Very pleased!","date":"2025-04-30T09:41:02.053Z","reviewerName":"Christian Perez","reviewerEmail":"christian.perez@x.dummyjson.com"}]'::jsonb),
('prod-57', 'cat-accessories', 'Fine Mesh Strainer', 'fine-mesh-strainer-57', 'The Fine Mesh Strainer is a versatile tool for straining liquids and sifting dry ingredients. Its fine mesh ensures efficient filtering for smooth cooking and baking.', 'Luxe', 9.99, 10.35, 85, ARRAY['Standard']::TEXT[], ARRAY['Classic']::TEXT[], 3.04, 3, false, true, ARRAY['kitchen tools','strainers']::TEXT[], '[{"rating":5,"comment":"Very pleased!","date":"2025-04-30T09:41:02.053Z","reviewerName":"Isabella Anderson","reviewerEmail":"isabella.anderson@x.dummyjson.com"},{"rating":4,"comment":"Highly impressed!","date":"2025-04-30T09:41:02.053Z","reviewerName":"Aaliyah Hanson","reviewerEmail":"aaliyah.hanson@x.dummyjson.com"},{"rating":2,"comment":"Would not recommend!","date":"2025-04-30T09:41:02.053Z","reviewerName":"Layla Sullivan","reviewerEmail":"layla.sullivan@x.dummyjson.com"}]'::jsonb),
('prod-58', 'cat-accessories', 'Fork', 'fork-58', 'The Fork is a classic utensil for various dining and serving purposes. Its durable and ergonomic design makes it a reliable choice for everyday use.', 'Luxe', 3.99, 4.34, 7, ARRAY['Standard']::TEXT[], ARRAY['Classic']::TEXT[], 3.11, 3, false, true, ARRAY['kitchen tools','utensils']::TEXT[], '[{"rating":5,"comment":"Highly impressed!","date":"2025-04-30T09:41:02.053Z","reviewerName":"Elena Baker","reviewerEmail":"elena.baker@x.dummyjson.com"},{"rating":5,"comment":"Very satisfied!","date":"2025-04-30T09:41:02.053Z","reviewerName":"Avery Scott","reviewerEmail":"avery.scott@x.dummyjson.com"},{"rating":2,"comment":"Would not buy again!","date":"2025-04-30T09:41:02.053Z","reviewerName":"Mateo Perez","reviewerEmail":"mateo.perez@x.dummyjson.com"}]'::jsonb),
('prod-59', 'cat-accessories', 'Glass', 'glass-59', 'The Glass is a versatile and elegant drinking vessel suitable for a variety of beverages. Its clear design allows you to enjoy the colors and textures of your drinks.', 'Luxe', 4.99, 5.42, 46, ARRAY['Standard']::TEXT[], ARRAY['Classic']::TEXT[], 4.02, 3, false, true, ARRAY['drinkware','glasses']::TEXT[], '[{"rating":5,"comment":"Very happy with my purchase!","date":"2025-04-30T09:41:02.053Z","reviewerName":"Jackson Evans","reviewerEmail":"jackson.evans@x.dummyjson.com"},{"rating":3,"comment":"Waste of money!","date":"2025-04-30T09:41:02.053Z","reviewerName":"Nicholas Bailey","reviewerEmail":"nicholas.bailey@x.dummyjson.com"},{"rating":5,"comment":"Very satisfied!","date":"2025-04-30T09:41:02.053Z","reviewerName":"Nathan Reed","reviewerEmail":"nathan.reed@x.dummyjson.com"}]'::jsonb),
('prod-60', 'cat-accessories', 'Grater Black', 'grater-black-60', 'The Grater in Black is a handy kitchen tool for grating cheese, vegetables, and more. Its sleek design and sharp blades make food preparation efficient and easy.', 'Luxe', 10.99, 11.4, 84, ARRAY['Standard']::TEXT[], ARRAY['Classic']::TEXT[], 3.21, 3, false, true, ARRAY['kitchen tools','graters']::TEXT[], '[{"rating":1,"comment":"Would not buy again!","date":"2025-04-30T09:41:02.053Z","reviewerName":"Ella Adams","reviewerEmail":"ella.adams@x.dummyjson.com"},{"rating":1,"comment":"Not as described!","date":"2025-04-30T09:41:02.053Z","reviewerName":"Eli Ward","reviewerEmail":"eli.ward@x.dummyjson.com"},{"rating":5,"comment":"Highly impressed!","date":"2025-04-30T09:41:02.053Z","reviewerName":"James Garcia","reviewerEmail":"james.garcia@x.dummyjson.com"}]'::jsonb),
('prod-61', 'cat-accessories', 'Hand Blender', 'hand-blender-61', 'The Hand Blender is a versatile kitchen appliance for blending, pureeing, and mixing. Its compact design and powerful motor make it a convenient tool for various recipes.', 'Luxe', 34.99, 42.17, 84, ARRAY['Standard']::TEXT[], ARRAY['Classic']::TEXT[], 3.86, 3, false, true, ARRAY['kitchen appliances','blenders']::TEXT[], '[{"rating":5,"comment":"Excellent quality!","date":"2025-04-30T09:41:02.053Z","reviewerName":"Hazel Evans","reviewerEmail":"hazel.evans@x.dummyjson.com"},{"rating":4,"comment":"Highly impressed!","date":"2025-04-30T09:41:02.053Z","reviewerName":"Hannah Howard","reviewerEmail":"hannah.howard@x.dummyjson.com"},{"rating":1,"comment":"Would not buy again!","date":"2025-04-30T09:41:02.053Z","reviewerName":"Jonathan Pierce","reviewerEmail":"jonathan.pierce@x.dummyjson.com"}]'::jsonb),
('prod-62', 'cat-accessories', 'Ice Cube Tray', 'ice-cube-tray-62', 'The Ice Cube Tray is a practical accessory for making ice cubes in various shapes. Perfect for keeping your drinks cool and adding a fun element to your beverages.', 'Luxe', 5.99, 6.03, 13, ARRAY['Standard']::TEXT[], ARRAY['Classic']::TEXT[], 4.71, 3, true, true, ARRAY['kitchen tools','ice cube trays']::TEXT[], '[{"rating":5,"comment":"Awesome product!","date":"2025-04-30T09:41:02.053Z","reviewerName":"Isaac Lawrence","reviewerEmail":"isaac.lawrence@x.dummyjson.com"},{"rating":5,"comment":"Would buy again!","date":"2025-04-30T09:41:02.053Z","reviewerName":"Leo Rivera","reviewerEmail":"leo.rivera@x.dummyjson.com"},{"rating":5,"comment":"Very pleased!","date":"2025-04-30T09:41:02.053Z","reviewerName":"Henry Turner","reviewerEmail":"henry.turner@x.dummyjson.com"}]'::jsonb),
('prod-63', 'cat-accessories', 'Kitchen Sieve', 'kitchen-sieve-63', 'The Kitchen Sieve is a versatile tool for sifting and straining dry and wet ingredients. Its fine mesh design ensures smooth results in your cooking and baking.', 'Luxe', 7.99, 9.85, 68, ARRAY['Standard']::TEXT[], ARRAY['Classic']::TEXT[], 3.09, 3, false, true, ARRAY['kitchen tools','strainers']::TEXT[], '[{"rating":5,"comment":"Highly recommended!","date":"2025-04-30T09:41:02.053Z","reviewerName":"Stella Morris","reviewerEmail":"stella.morris@x.dummyjson.com"},{"rating":5,"comment":"Very happy with my purchase!","date":"2025-04-30T09:41:02.053Z","reviewerName":"Henry Adams","reviewerEmail":"henry.adams@x.dummyjson.com"},{"rating":4,"comment":"Awesome product!","date":"2025-04-30T09:41:02.053Z","reviewerName":"Lillian Simmons","reviewerEmail":"lillian.simmons@x.dummyjson.com"}]'::jsonb),
('prod-64', 'cat-accessories', 'Knife', 'knife-64', 'The Knife is an essential kitchen tool for chopping, slicing, and dicing. Its sharp blade and ergonomic handle make it a reliable choice for food preparation.', 'Luxe', 14.99, 18.47, 7, ARRAY['Standard']::TEXT[], ARRAY['Classic']::TEXT[], 3.26, 3, false, true, ARRAY['kitchen tools','cutlery']::TEXT[], '[{"rating":2,"comment":"Very disappointed!","date":"2025-04-30T09:41:02.053Z","reviewerName":"Aaliyah Martinez","reviewerEmail":"aaliyah.martinez@x.dummyjson.com"},{"rating":5,"comment":"Fast shipping!","date":"2025-04-30T09:41:02.053Z","reviewerName":"Addison Wright","reviewerEmail":"addison.wright@x.dummyjson.com"},{"rating":5,"comment":"Very pleased!","date":"2025-04-30T09:41:02.053Z","reviewerName":"Mateo Nguyen","reviewerEmail":"mateo.nguyen@x.dummyjson.com"}]'::jsonb),
('prod-65', 'cat-accessories', 'Lunch Box', 'lunch-box-65', 'The Lunch Box is a convenient and portable container for packing and carrying your meals. With compartments for different foods, it''s perfect for on-the-go dining.', 'Luxe', 12.99, 14.49, 94, ARRAY['Standard']::TEXT[], ARRAY['Classic']::TEXT[], 4.93, 3, true, true, ARRAY['kitchen tools','storage']::TEXT[], '[{"rating":5,"comment":"Very pleased!","date":"2025-04-30T09:41:02.053Z","reviewerName":"Jace Smith","reviewerEmail":"jace.smith@x.dummyjson.com"},{"rating":5,"comment":"Very happy with my purchase!","date":"2025-04-30T09:41:02.053Z","reviewerName":"Zoe Bennett","reviewerEmail":"zoe.bennett@x.dummyjson.com"},{"rating":2,"comment":"Poor quality!","date":"2025-04-30T09:41:02.053Z","reviewerName":"Michael Johnson","reviewerEmail":"michael.johnson@x.dummyjson.com"}]'::jsonb),
('prod-66', 'cat-accessories', 'Microwave Oven', 'microwave-oven-66', 'The Microwave Oven is a versatile kitchen appliance for quick and efficient cooking, reheating, and defrosting. Its compact size makes it suitable for various kitchen setups.', 'Luxe', 89.99, 102.41, 59, ARRAY['Standard']::TEXT[], ARRAY['Classic']::TEXT[], 4.82, 3, true, true, ARRAY['kitchen appliances','microwaves']::TEXT[], '[{"rating":3,"comment":"Very dissatisfied!","date":"2025-04-30T09:41:02.053Z","reviewerName":"Nora Russell","reviewerEmail":"nora.russell@x.dummyjson.com"},{"rating":4,"comment":"Fast shipping!","date":"2025-04-30T09:41:02.053Z","reviewerName":"Alice Smith","reviewerEmail":"alice.smith@x.dummyjson.com"},{"rating":2,"comment":"Very disappointed!","date":"2025-04-30T09:41:02.053Z","reviewerName":"Ethan Fletcher","reviewerEmail":"ethan.fletcher@x.dummyjson.com"}]'::jsonb),
('prod-67', 'cat-accessories', 'Mug Tree Stand', 'mug-tree-stand-67', 'The Mug Tree Stand is a stylish and space-saving solution for organizing your mugs. Keep your favorite mugs easily accessible and neatly displayed in your kitchen.', 'Luxe', 15.99, 17.62, 88, ARRAY['Standard']::TEXT[], ARRAY['Classic']::TEXT[], 2.64, 3, false, true, ARRAY['kitchen tools','organization']::TEXT[], '[{"rating":1,"comment":"Very unhappy with my purchase!","date":"2025-04-30T09:41:02.053Z","reviewerName":"Bella Grant","reviewerEmail":"bella.grant@x.dummyjson.com"},{"rating":5,"comment":"Highly recommended!","date":"2025-04-30T09:41:02.053Z","reviewerName":"Paisley Bell","reviewerEmail":"paisley.bell@x.dummyjson.com"},{"rating":4,"comment":"Fast shipping!","date":"2025-04-30T09:41:02.053Z","reviewerName":"David Martinez","reviewerEmail":"david.martinez@x.dummyjson.com"}]'::jsonb),
('prod-68', 'cat-accessories', 'Pan', 'pan-68', 'The Pan is a versatile and essential cookware item for frying, sautéing, and cooking various dishes. Its non-stick coating ensures easy food release and cleanup.', 'Luxe', 24.99, 25.76, 90, ARRAY['Standard']::TEXT[], ARRAY['Classic']::TEXT[], 2.79, 3, false, true, ARRAY['cookware','pans']::TEXT[], '[{"rating":5,"comment":"Highly impressed!","date":"2025-04-30T09:41:02.053Z","reviewerName":"Michael Johnson","reviewerEmail":"michael.johnson@x.dummyjson.com"},{"rating":4,"comment":"Highly recommended!","date":"2025-04-30T09:41:02.053Z","reviewerName":"Adrian Flores","reviewerEmail":"adrian.flores@x.dummyjson.com"},{"rating":1,"comment":"Not as described!","date":"2025-04-30T09:41:02.053Z","reviewerName":"Nicholas Bailey","reviewerEmail":"nicholas.bailey@x.dummyjson.com"}]'::jsonb),
('prod-69', 'cat-accessories', 'Plate', 'plate-69', 'The Plate is a classic and essential dishware item for serving meals. Its durable and stylish design makes it suitable for everyday use or special occasions.', 'Luxe', 3.99, 4.3, 66, ARRAY['Standard']::TEXT[], ARRAY['Classic']::TEXT[], 3.65, 3, false, true, ARRAY['dinnerware','plates']::TEXT[], '[{"rating":3,"comment":"Disappointing product!","date":"2025-04-30T09:41:02.053Z","reviewerName":"Mia Miller","reviewerEmail":"mia.miller@x.dummyjson.com"},{"rating":4,"comment":"Great product!","date":"2025-04-30T09:41:02.053Z","reviewerName":"Henry Adams","reviewerEmail":"henry.adams@x.dummyjson.com"},{"rating":4,"comment":"Excellent quality!","date":"2025-04-30T09:41:02.053Z","reviewerName":"Nora Russell","reviewerEmail":"nora.russell@x.dummyjson.com"}]'::jsonb),
('prod-70', 'cat-accessories', 'Red Tongs', 'red-tongs-70', 'The Red Tongs are versatile kitchen tongs suitable for various cooking and serving tasks. Their vibrant color adds a pop of excitement to your kitchen utensils.', 'Luxe', 6.99, 8.18, 82, ARRAY['Standard']::TEXT[], ARRAY['Classic']::TEXT[], 4.42, 3, false, true, ARRAY['kitchen tools','tongs']::TEXT[], '[{"rating":4,"comment":"Very satisfied!","date":"2025-04-30T09:41:02.053Z","reviewerName":"Xavier Wright","reviewerEmail":"xavier.wright@x.dummyjson.com"},{"rating":5,"comment":"Highly recommended!","date":"2025-04-30T09:41:02.053Z","reviewerName":"Stella Hughes","reviewerEmail":"stella.hughes@x.dummyjson.com"},{"rating":4,"comment":"Excellent quality!","date":"2025-04-30T09:41:02.053Z","reviewerName":"Jaxon Barnes","reviewerEmail":"jaxon.barnes@x.dummyjson.com"}]'::jsonb),
('prod-71', 'cat-accessories', 'Silver Pot With Glass Cap', 'silver-pot-with-glass-cap-71', 'The Silver Pot with Glass Cap is a stylish and functional cookware item for boiling, simmering, and preparing delicious meals. Its glass cap allows you to monitor cooking progress.', 'Luxe', 39.99, 42.41, 40, ARRAY['Standard']::TEXT[], ARRAY['Classic']::TEXT[], 3.22, 3, false, true, ARRAY['cookware','pots']::TEXT[], '[{"rating":4,"comment":"Great product!","date":"2025-04-30T09:41:02.053Z","reviewerName":"Julian Newton","reviewerEmail":"julian.newton@x.dummyjson.com"},{"rating":4,"comment":"Excellent quality!","date":"2025-04-30T09:41:02.053Z","reviewerName":"Noah Lewis","reviewerEmail":"noah.lewis@x.dummyjson.com"},{"rating":1,"comment":"Disappointing product!","date":"2025-04-30T09:41:02.053Z","reviewerName":"Brayden Hill","reviewerEmail":"brayden.hill@x.dummyjson.com"}]'::jsonb),
('prod-72', 'cat-accessories', 'Slotted Turner', 'slotted-turner-72', 'The Slotted Turner is a kitchen utensil designed for flipping and turning food items. Its slotted design allows excess liquid to drain, making it ideal for frying and sautéing.', 'Luxe', 8.99, 10.38, 88, ARRAY['Standard']::TEXT[], ARRAY['Classic']::TEXT[], 3.4, 3, false, true, ARRAY['kitchen tools','turners']::TEXT[], '[{"rating":1,"comment":"Would not recommend!","date":"2025-04-30T09:41:02.053Z","reviewerName":"Ava Taylor","reviewerEmail":"ava.taylor@x.dummyjson.com"},{"rating":2,"comment":"Would not recommend!","date":"2025-04-30T09:41:02.053Z","reviewerName":"Liam Smith","reviewerEmail":"liam.smith@x.dummyjson.com"},{"rating":5,"comment":"Very satisfied!","date":"2025-04-30T09:41:02.053Z","reviewerName":"Gabriel Mitchell","reviewerEmail":"gabriel.mitchell@x.dummyjson.com"}]'::jsonb),
('prod-73', 'cat-accessories', 'Spice Rack', 'spice-rack-73', 'The Spice Rack is a convenient organizer for your spices and seasonings. Keep your kitchen essentials within reach and neatly arranged with this stylish spice rack.', 'Luxe', 19.99, 22.74, 79, ARRAY['Standard']::TEXT[], ARRAY['Classic']::TEXT[], 4.87, 3, true, true, ARRAY['kitchen tools','organization']::TEXT[], '[{"rating":5,"comment":"Very satisfied!","date":"2025-04-30T09:41:02.053Z","reviewerName":"Elena Baker","reviewerEmail":"elena.baker@x.dummyjson.com"},{"rating":4,"comment":"Excellent quality!","date":"2025-04-30T09:41:02.053Z","reviewerName":"Owen Fisher","reviewerEmail":"owen.fisher@x.dummyjson.com"},{"rating":2,"comment":"Waste of money!","date":"2025-04-30T09:41:02.053Z","reviewerName":"Sadie Morales","reviewerEmail":"sadie.morales@x.dummyjson.com"}]'::jsonb),
('prod-74', 'cat-accessories', 'Spoon', 'spoon-74', 'The Spoon is a versatile kitchen utensil for stirring, serving, and tasting. Its ergonomic design and durable construction make it an essential tool for every kitchen.', 'Luxe', 4.99, 5.07, 59, ARRAY['Standard']::TEXT[], ARRAY['Classic']::TEXT[], 4.03, 3, false, true, ARRAY['kitchen tools','utensils']::TEXT[], '[{"rating":3,"comment":"Waste of money!","date":"2025-04-30T09:41:02.053Z","reviewerName":"Jackson Evans","reviewerEmail":"jackson.evans@x.dummyjson.com"},{"rating":1,"comment":"Disappointing product!","date":"2025-04-30T09:41:02.053Z","reviewerName":"Elena Baker","reviewerEmail":"elena.baker@x.dummyjson.com"},{"rating":4,"comment":"Awesome product!","date":"2025-04-30T09:41:02.053Z","reviewerName":"Bella Gonzalez","reviewerEmail":"bella.gonzalez@x.dummyjson.com"}]'::jsonb),
('prod-75', 'cat-accessories', 'Tray', 'tray-75', 'The Tray is a functional and decorative item for serving snacks, appetizers, or drinks. Its stylish design makes it a versatile accessory for entertaining guests.', 'Luxe', 16.99, 18.36, 71, ARRAY['Standard']::TEXT[], ARRAY['Classic']::TEXT[], 4.62, 3, true, true, ARRAY['serveware','trays']::TEXT[], '[{"rating":5,"comment":"Fast shipping!","date":"2025-04-30T09:41:02.053Z","reviewerName":"Samantha Howard","reviewerEmail":"samantha.howard@x.dummyjson.com"},{"rating":3,"comment":"Very disappointed!","date":"2025-04-30T09:41:02.053Z","reviewerName":"Benjamin Wilson","reviewerEmail":"benjamin.wilson@x.dummyjson.com"},{"rating":4,"comment":"Excellent quality!","date":"2025-04-30T09:41:02.053Z","reviewerName":"Caleb Nelson","reviewerEmail":"caleb.nelson@x.dummyjson.com"}]'::jsonb),
('prod-76', 'cat-accessories', 'Wooden Rolling Pin', 'wooden-rolling-pin-76', 'The Wooden Rolling Pin is a classic kitchen tool for rolling out dough for baking. Its smooth surface and sturdy handles make it easy to achieve uniform thickness.', 'Luxe', 11.99, 13.29, 80, ARRAY['Standard']::TEXT[], ARRAY['Classic']::TEXT[], 2.92, 3, false, true, ARRAY['kitchen tools','baking']::TEXT[], '[{"rating":2,"comment":"Would not recommend!","date":"2025-04-30T09:41:02.053Z","reviewerName":"Aurora Lawson","reviewerEmail":"aurora.lawson@x.dummyjson.com"},{"rating":3,"comment":"Very disappointed!","date":"2025-04-30T09:41:02.053Z","reviewerName":"Ava Taylor","reviewerEmail":"ava.taylor@x.dummyjson.com"},{"rating":5,"comment":"Great product!","date":"2025-04-30T09:41:02.053Z","reviewerName":"Mila Hernandez","reviewerEmail":"mila.hernandez@x.dummyjson.com"}]'::jsonb),
('prod-77', 'cat-accessories', 'Yellow Peeler', 'yellow-peeler-77', 'The Yellow Peeler is a handy tool for peeling fruits and vegetables with ease. Its bright yellow color adds a cheerful touch to your kitchen gadgets.', 'Luxe', 5.99, 6.84, 35, ARRAY['Standard']::TEXT[], ARRAY['Classic']::TEXT[], 4.24, 3, false, true, ARRAY['kitchen tools','peelers']::TEXT[], '[{"rating":1,"comment":"Very unhappy with my purchase!","date":"2025-04-30T09:41:02.053Z","reviewerName":"Claire Foster","reviewerEmail":"claire.foster@x.dummyjson.com"},{"rating":5,"comment":"Very happy with my purchase!","date":"2025-04-30T09:41:02.053Z","reviewerName":"Aaliyah Hanson","reviewerEmail":"aaliyah.hanson@x.dummyjson.com"},{"rating":4,"comment":"Great product!","date":"2025-04-30T09:41:02.053Z","reviewerName":"Olivia Wilson","reviewerEmail":"olivia.wilson@x.dummyjson.com"}]'::jsonb),
('prod-78', 'cat-women', 'Apple MacBook Pro 14 Inch Space Grey', 'apple-macbook-pro-14-inch-space-grey-78', 'The MacBook Pro 14 Inch in Space Grey is a powerful and sleek laptop, featuring Apple''s M1 Pro chip for exceptional performance and a stunning Retina display.', 'Apple', 1999.99, 2098.41, 24, ARRAY['S','M','L','XL']::TEXT[], ARRAY['Classic']::TEXT[], 3.65, 3, false, true, ARRAY['laptops','apple']::TEXT[], '[{"rating":5,"comment":"Very happy with my purchase!","date":"2025-04-30T09:41:02.053Z","reviewerName":"Hazel Evans","reviewerEmail":"hazel.evans@x.dummyjson.com"},{"rating":5,"comment":"Very happy with my purchase!","date":"2025-04-30T09:41:02.053Z","reviewerName":"Christopher West","reviewerEmail":"christopher.west@x.dummyjson.com"},{"rating":4,"comment":"Very satisfied!","date":"2025-04-30T09:41:02.053Z","reviewerName":"Aubrey Garcia","reviewerEmail":"aubrey.garcia@x.dummyjson.com"}]'::jsonb),
('prod-79', 'cat-women', 'Asus Zenbook Pro Dual Screen Laptop', 'asus-zenbook-pro-dual-screen-laptop-79', 'The Asus Zenbook Pro Dual Screen Laptop is a high-performance device with dual screens, providing productivity and versatility for creative professionals.', 'Asus', 1799.99, 2025.65, 45, ARRAY['S','M','L','XL']::TEXT[], ARRAY['Classic']::TEXT[], 3.95, 3, false, true, ARRAY['laptops']::TEXT[], '[{"rating":4,"comment":"Very happy with my purchase!","date":"2025-04-30T09:41:02.053Z","reviewerName":"Michael Johnson","reviewerEmail":"michael.johnson@x.dummyjson.com"},{"rating":5,"comment":"Highly recommended!","date":"2025-04-30T09:41:02.053Z","reviewerName":"Zoe Bennett","reviewerEmail":"zoe.bennett@x.dummyjson.com"},{"rating":4,"comment":"Very satisfied!","date":"2025-04-30T09:41:02.053Z","reviewerName":"Mila Hernandez","reviewerEmail":"mila.hernandez@x.dummyjson.com"}]'::jsonb),
('prod-80', 'cat-women', 'Huawei Matebook X Pro', 'huawei-matebook-x-pro-80', 'The Huawei Matebook X Pro is a slim and stylish laptop with a high-resolution touchscreen display, offering a premium experience for users on the go.', 'Huawei', 1399.99, 1544.9, 75, ARRAY['S','M','L','XL']::TEXT[], ARRAY['Classic']::TEXT[], 4.98, 3, true, true, ARRAY['laptops']::TEXT[], '[{"rating":4,"comment":"Very satisfied!","date":"2025-04-30T09:41:02.053Z","reviewerName":"Evan Wright","reviewerEmail":"evan.wright@x.dummyjson.com"},{"rating":4,"comment":"Very happy with my purchase!","date":"2025-04-30T09:41:02.053Z","reviewerName":"Hunter Gordon","reviewerEmail":"hunter.gordon@x.dummyjson.com"},{"rating":1,"comment":"Not worth the price!","date":"2025-04-30T09:41:02.053Z","reviewerName":"William Gonzalez","reviewerEmail":"william.gonzalez@x.dummyjson.com"}]'::jsonb),
('prod-81', 'cat-women', 'Lenovo Yoga 920', 'lenovo-yoga-920-81', 'The Lenovo Yoga 920 is a 2-in-1 convertible laptop with a flexible hinge, allowing you to use it as a laptop or tablet, offering versatility and portability.', 'Lenovo', 1099.99, 1177.09, 40, ARRAY['S','M','L','XL']::TEXT[], ARRAY['Classic']::TEXT[], 2.86, 3, false, true, ARRAY['laptops']::TEXT[], '[{"rating":4,"comment":"Would buy again!","date":"2025-04-30T09:41:02.053Z","reviewerName":"Bella Gonzalez","reviewerEmail":"bella.gonzalez@x.dummyjson.com"},{"rating":5,"comment":"Great value for money!","date":"2025-04-30T09:41:02.053Z","reviewerName":"Nathan Reed","reviewerEmail":"nathan.reed@x.dummyjson.com"},{"rating":4,"comment":"Great value for money!","date":"2025-04-30T09:41:02.053Z","reviewerName":"Hazel Gardner","reviewerEmail":"hazel.gardner@x.dummyjson.com"}]'::jsonb),
('prod-82', 'cat-women', 'New DELL XPS 13 9300 Laptop', 'new-dell-xps-13-9300-laptop-82', 'The New DELL XPS 13 9300 Laptop is a compact and powerful device, featuring a virtually borderless InfinityEdge display and high-end performance for various tasks.', 'Dell', 1499.99, 1702.41, 74, ARRAY['S','M','L','XL']::TEXT[], ARRAY['Classic']::TEXT[], 2.67, 3, false, true, ARRAY['laptops']::TEXT[], '[{"rating":3,"comment":"Poor quality!","date":"2025-04-30T09:41:02.053Z","reviewerName":"Charlotte Lopez","reviewerEmail":"charlotte.lopez@x.dummyjson.com"},{"rating":4,"comment":"Very satisfied!","date":"2025-04-30T09:41:02.053Z","reviewerName":"Alice Smith","reviewerEmail":"alice.smith@x.dummyjson.com"},{"rating":2,"comment":"Disappointing product!","date":"2025-04-30T09:41:02.053Z","reviewerName":"Ava Taylor","reviewerEmail":"ava.taylor@x.dummyjson.com"}]'::jsonb),
('prod-83', 'cat-men', 'Blue & Black Check Shirt', 'blue-black-check-shirt-83', 'The Blue & Black Check Shirt is a stylish and comfortable men''s shirt featuring a classic check pattern. Made from high-quality fabric, it''s suitable for both casual and semi-formal occasions.', 'Fashion Trends', 29.99, 35.43, 38, ARRAY['S','M','L','XL']::TEXT[], ARRAY['Classic']::TEXT[], 3.64, 3, false, true, ARRAY['clothing','men''s shirts']::TEXT[], '[{"rating":1,"comment":"Waste of money!","date":"2025-04-30T09:41:02.053Z","reviewerName":"Logan Lee","reviewerEmail":"logan.lee@x.dummyjson.com"},{"rating":5,"comment":"Very satisfied!","date":"2025-04-30T09:41:02.053Z","reviewerName":"Zachary Lee","reviewerEmail":"zachary.lee@x.dummyjson.com"},{"rating":4,"comment":"Fast shipping!","date":"2025-04-30T09:41:02.053Z","reviewerName":"Aurora Rodriguez","reviewerEmail":"aurora.rodriguez@x.dummyjson.com"}]'::jsonb),
('prod-84', 'cat-men', 'Gigabyte Aorus Men Tshirt', 'gigabyte-aorus-men-tshirt-84', 'The Gigabyte Aorus Men Tshirt is a cool and casual shirt for gaming enthusiasts. With the Aorus logo and sleek design, it''s perfect for expressing your gaming style.', 'Gigabyte', 24.99, 25.23, 90, ARRAY['S','M','L','XL']::TEXT[], ARRAY['Classic']::TEXT[], 3.18, 3, false, true, ARRAY['clothing','men''s t-shirts']::TEXT[], '[{"rating":5,"comment":"Excellent quality!","date":"2025-04-30T09:41:02.053Z","reviewerName":"Amelia Perez","reviewerEmail":"amelia.perez@x.dummyjson.com"},{"rating":5,"comment":"Awesome product!","date":"2025-04-30T09:41:02.053Z","reviewerName":"Tyler Davis","reviewerEmail":"tyler.davis@x.dummyjson.com"},{"rating":1,"comment":"Disappointing product!","date":"2025-04-30T09:41:02.053Z","reviewerName":"Harper King","reviewerEmail":"harper.king@x.dummyjson.com"}]'::jsonb),
('prod-85', 'cat-men', 'Man Plaid Shirt', 'man-plaid-shirt-85', 'The Man Plaid Shirt is a timeless and versatile men''s shirt with a classic plaid pattern. Its comfortable fit and casual style make it a wardrobe essential for various occasions.', 'Classic Wear', 34.99, 43.47, 82, ARRAY['S','M','L','XL']::TEXT[], ARRAY['Classic']::TEXT[], 3.46, 3, false, true, ARRAY['clothing','men''s shirts']::TEXT[], '[{"rating":3,"comment":"Disappointing product!","date":"2025-04-30T09:41:02.053Z","reviewerName":"Aubrey Wagner","reviewerEmail":"aubrey.wagner@x.dummyjson.com"},{"rating":4,"comment":"Awesome product!","date":"2025-04-30T09:41:02.053Z","reviewerName":"Evan Reed","reviewerEmail":"evan.reed@x.dummyjson.com"},{"rating":2,"comment":"Very disappointed!","date":"2025-04-30T09:41:02.053Z","reviewerName":"Evelyn Gonzalez","reviewerEmail":"evelyn.gonzalez@x.dummyjson.com"}]'::jsonb),
('prod-86', 'cat-men', 'Man Short Sleeve Shirt', 'man-short-sleeve-shirt-86', 'The Man Short Sleeve Shirt is a breezy and stylish option for warm days. With a comfortable fit and short sleeves, it''s perfect for a laid-back yet polished look.', 'Casual Comfort', 19.99, 21.46, 2, ARRAY['S','M','L','XL']::TEXT[], ARRAY['Classic']::TEXT[], 2.9, 3, false, true, ARRAY['clothing','men''s shirts']::TEXT[], '[{"rating":5,"comment":"Highly recommended!","date":"2025-04-30T09:41:02.053Z","reviewerName":"Charlotte Lopez","reviewerEmail":"charlotte.lopez@x.dummyjson.com"},{"rating":2,"comment":"Poor quality!","date":"2025-04-30T09:41:02.053Z","reviewerName":"Ellie Stewart","reviewerEmail":"ellie.stewart@x.dummyjson.com"},{"rating":1,"comment":"Would not recommend!","date":"2025-04-30T09:41:02.053Z","reviewerName":"Sadie Morales","reviewerEmail":"sadie.morales@x.dummyjson.com"}]'::jsonb),
('prod-87', 'cat-men', 'Men Check Shirt', 'men-check-shirt-87', 'The Men Check Shirt is a classic and versatile shirt featuring a stylish check pattern. Suitable for various occasions, it adds a smart and polished touch to your wardrobe.', 'Urban Chic', 27.99, 31.58, 95, ARRAY['S','M','L','XL']::TEXT[], ARRAY['Classic']::TEXT[], 2.72, 3, false, true, ARRAY['clothing','men''s shirts']::TEXT[], '[{"rating":3,"comment":"Would not recommend!","date":"2025-04-30T09:41:02.053Z","reviewerName":"Mateo Nguyen","reviewerEmail":"mateo.nguyen@x.dummyjson.com"},{"rating":5,"comment":"Fast shipping!","date":"2025-04-30T09:41:02.053Z","reviewerName":"Lucas Allen","reviewerEmail":"lucas.allen@x.dummyjson.com"},{"rating":2,"comment":"Very unhappy with my purchase!","date":"2025-04-30T09:41:02.053Z","reviewerName":"Henry Adams","reviewerEmail":"henry.adams@x.dummyjson.com"}]'::jsonb),
('prod-88', 'cat-shoes', 'Nike Air Jordan 1 Red And Black', 'nike-air-jordan-1-red-and-black-88', 'The Nike Air Jordan 1 in Red and Black is an iconic basketball sneaker known for its stylish design and high-performance features, making it a favorite among sneaker enthusiasts and athletes.', 'Nike', 149.99, 156.44, 7, ARRAY['7','8','9','10','11','12']::TEXT[], ARRAY['Classic']::TEXT[], 4.77, 3, true, true, ARRAY['footwear','athletic shoes']::TEXT[], '[{"rating":5,"comment":"Highly impressed!","date":"2025-04-30T09:41:02.053Z","reviewerName":"Elena Long","reviewerEmail":"elena.long@x.dummyjson.com"},{"rating":4,"comment":"Very happy with my purchase!","date":"2025-04-30T09:41:02.053Z","reviewerName":"Addison Wright","reviewerEmail":"addison.wright@x.dummyjson.com"},{"rating":1,"comment":"Waste of money!","date":"2025-04-30T09:41:02.053Z","reviewerName":"Mason Wright","reviewerEmail":"mason.wright@x.dummyjson.com"}]'::jsonb),
('prod-89', 'cat-shoes', 'Nike Baseball Cleats', 'nike-baseball-cleats-89', 'Nike Baseball Cleats are designed for maximum traction and performance on the baseball field. They provide stability and support for players during games and practices.', 'Nike', 79.99, 97.6, 12, ARRAY['7','8','9','10','11','12']::TEXT[], ARRAY['Classic']::TEXT[], 3.88, 3, false, true, ARRAY['footwear','sports cleats']::TEXT[], '[{"rating":5,"comment":"Would buy again!","date":"2025-04-30T09:41:02.053Z","reviewerName":"Aaron Cook","reviewerEmail":"aaron.cook@x.dummyjson.com"},{"rating":2,"comment":"Very disappointed!","date":"2025-04-30T09:41:02.053Z","reviewerName":"Noah Lewis","reviewerEmail":"noah.lewis@x.dummyjson.com"},{"rating":3,"comment":"Would not recommend!","date":"2025-04-30T09:41:02.053Z","reviewerName":"Michael Johnson","reviewerEmail":"michael.johnson@x.dummyjson.com"}]'::jsonb),
('prod-90', 'cat-shoes', 'Puma Future Rider Trainers', 'puma-future-rider-trainers-90', 'The Puma Future Rider Trainers offer a blend of retro style and modern comfort. Perfect for casual wear, these trainers provide a fashionable and comfortable option for everyday use.', 'Puma', 89.99, 93.94, 90, ARRAY['7','8','9','10','11','12']::TEXT[], ARRAY['Classic']::TEXT[], 4.9, 3, true, true, ARRAY['footwear','casual shoes']::TEXT[], '[{"rating":5,"comment":"Highly impressed!","date":"2025-04-30T09:41:02.053Z","reviewerName":"Jackson Morales","reviewerEmail":"jackson.morales@x.dummyjson.com"},{"rating":1,"comment":"Very disappointed!","date":"2025-04-30T09:41:02.053Z","reviewerName":"Sophia Jones","reviewerEmail":"sophia.jones@x.dummyjson.com"},{"rating":5,"comment":"Very pleased!","date":"2025-04-30T09:41:02.053Z","reviewerName":"Logan Torres","reviewerEmail":"logan.torres@x.dummyjson.com"}]'::jsonb),
('prod-91', 'cat-shoes', 'Sports Sneakers Off White & Red', 'sports-sneakers-off-white-red-91', 'The Sports Sneakers in Off White and Red combine style and functionality, making them a fashionable choice for sports enthusiasts. The red and off-white color combination adds a bold and energetic touch.', 'Off White', 119.99, 126.27, 17, ARRAY['7','8','9','10','11','12']::TEXT[], ARRAY['Classic']::TEXT[], 4.77, 3, true, true, ARRAY['footwear','athletic shoes']::TEXT[], '[{"rating":4,"comment":"Would buy again!","date":"2025-04-30T09:41:02.053Z","reviewerName":"Sadie Morales","reviewerEmail":"sadie.morales@x.dummyjson.com"},{"rating":5,"comment":"Fast shipping!","date":"2025-04-30T09:41:02.053Z","reviewerName":"Julian Newton","reviewerEmail":"julian.newton@x.dummyjson.com"},{"rating":5,"comment":"Awesome product!","date":"2025-04-30T09:41:02.053Z","reviewerName":"Logan Lee","reviewerEmail":"logan.lee@x.dummyjson.com"}]'::jsonb),
('prod-92', 'cat-shoes', 'Sports Sneakers Off White Red', 'sports-sneakers-off-white-red-92', 'Another variant of the Sports Sneakers in Off White Red, featuring a unique design. These sneakers offer style and comfort for casual occasions.', 'Off White', 109.99, 110.03, 62, ARRAY['7','8','9','10','11','12']::TEXT[], ARRAY['Classic']::TEXT[], 4.69, 3, true, true, ARRAY['footwear','casual shoes']::TEXT[], '[{"rating":4,"comment":"Excellent quality!","date":"2025-04-30T09:41:02.053Z","reviewerName":"Aurora Lawson","reviewerEmail":"aurora.lawson@x.dummyjson.com"},{"rating":5,"comment":"Great value for money!","date":"2025-04-30T09:41:02.053Z","reviewerName":"Gabriel Mitchell","reviewerEmail":"gabriel.mitchell@x.dummyjson.com"},{"rating":1,"comment":"Not worth the price!","date":"2025-04-30T09:41:02.053Z","reviewerName":"Eli Bennett","reviewerEmail":"eli.bennett@x.dummyjson.com"}]'::jsonb),
('prod-93', 'cat-men', 'Brown Leather Belt Watch', 'brown-leather-belt-watch-93', 'The Brown Leather Belt Watch is a stylish timepiece with a classic design. Featuring a genuine leather strap and a sleek dial, it adds a touch of sophistication to your look.', 'Fashion Timepieces', 89.99, 95.72, 32, ARRAY['S','M','L','XL']::TEXT[], ARRAY['Classic']::TEXT[], 4.19, 3, false, true, ARRAY['watches','leather watches']::TEXT[], '[{"rating":1,"comment":"Very unhappy with my purchase!","date":"2025-04-30T09:41:02.053Z","reviewerName":"James Garcia","reviewerEmail":"james.garcia@x.dummyjson.com"},{"rating":4,"comment":"Fast shipping!","date":"2025-04-30T09:41:02.053Z","reviewerName":"Avery Barnes","reviewerEmail":"avery.barnes@x.dummyjson.com"},{"rating":4,"comment":"Would buy again!","date":"2025-04-30T09:41:02.053Z","reviewerName":"David Martinez","reviewerEmail":"david.martinez@x.dummyjson.com"}]'::jsonb),
('prod-94', 'cat-men', 'Longines Master Collection', 'longines-master-collection-94', 'The Longines Master Collection is an elegant and refined watch known for its precision and craftsmanship. With a timeless design, it''s a symbol of luxury and sophistication.', 'Longines', 1499.99, 1812.46, 100, ARRAY['S','M','L','XL']::TEXT[], ARRAY['Classic']::TEXT[], 3.87, 3, false, true, ARRAY['watches','luxury watches']::TEXT[], '[{"rating":4,"comment":"Highly impressed!","date":"2025-04-30T09:41:02.053Z","reviewerName":"Eli Ward","reviewerEmail":"eli.ward@x.dummyjson.com"},{"rating":3,"comment":"Very disappointed!","date":"2025-04-30T09:41:02.053Z","reviewerName":"Owen Fisher","reviewerEmail":"owen.fisher@x.dummyjson.com"},{"rating":5,"comment":"Great product!","date":"2025-04-30T09:41:02.053Z","reviewerName":"Nathan Reed","reviewerEmail":"nathan.reed@x.dummyjson.com"}]'::jsonb),
('prod-95', 'cat-men', 'Rolex Cellini Date Black Dial', 'rolex-cellini-date-black-dial-95', 'The Rolex Cellini Date with Black Dial is a classic and prestigious watch. With a black dial and date complication, it exudes sophistication and is a symbol of Rolex''s heritage.', 'Rolex', 8999.99, 9877.07, 40, ARRAY['S','M','L','XL']::TEXT[], ARRAY['Classic']::TEXT[], 4.97, 3, true, true, ARRAY['watches','luxury watches']::TEXT[], '[{"rating":3,"comment":"Not worth the price!","date":"2025-04-30T09:41:02.053Z","reviewerName":"Owen Sullivan","reviewerEmail":"owen.sullivan@x.dummyjson.com"},{"rating":4,"comment":"Very satisfied!","date":"2025-04-30T09:41:02.053Z","reviewerName":"Jonathan Pierce","reviewerEmail":"jonathan.pierce@x.dummyjson.com"},{"rating":1,"comment":"Would not buy again!","date":"2025-04-30T09:41:02.053Z","reviewerName":"Adrian Flores","reviewerEmail":"adrian.flores@x.dummyjson.com"}]'::jsonb),
('prod-96', 'cat-men', 'Rolex Cellini Moonphase', 'rolex-cellini-moonphase-96', 'The Rolex Cellini Moonphase is a masterpiece of horology, featuring a moon phase complication and exquisite design. It reflects Rolex''s commitment to precision and elegance.', 'Rolex', 12999.99, 15761.38, 36, ARRAY['S','M','L','XL']::TEXT[], ARRAY['Classic']::TEXT[], 2.58, 3, false, true, ARRAY['watches','luxury watches']::TEXT[], '[{"rating":3,"comment":"Poor quality!","date":"2025-04-30T09:41:02.053Z","reviewerName":"Ella Adams","reviewerEmail":"ella.adams@x.dummyjson.com"},{"rating":5,"comment":"Very satisfied!","date":"2025-04-30T09:41:02.053Z","reviewerName":"Leo Rivera","reviewerEmail":"leo.rivera@x.dummyjson.com"},{"rating":4,"comment":"Very pleased!","date":"2025-04-30T09:41:02.053Z","reviewerName":"Emma Miller","reviewerEmail":"emma.miller@x.dummyjson.com"}]'::jsonb),
('prod-97', 'cat-men', 'Rolex Datejust', 'rolex-datejust-97', 'The Rolex Datejust is an iconic and versatile timepiece with a date window. Known for its timeless design and reliability, it''s a symbol of Rolex''s watchmaking excellence.', 'Rolex', 10999.99, 11426.19, 86, ARRAY['S','M','L','XL']::TEXT[], ARRAY['Classic']::TEXT[], 3.66, 3, false, true, ARRAY['watches','luxury watches']::TEXT[], '[{"rating":4,"comment":"Fast shipping!","date":"2025-04-30T09:41:02.053Z","reviewerName":"Alice Smith","reviewerEmail":"alice.smith@x.dummyjson.com"},{"rating":4,"comment":"Very pleased!","date":"2025-04-30T09:41:02.053Z","reviewerName":"Abigail Rivera","reviewerEmail":"abigail.rivera@x.dummyjson.com"},{"rating":3,"comment":"Waste of money!","date":"2025-04-30T09:41:02.053Z","reviewerName":"Daniel Cook","reviewerEmail":"daniel.cook@x.dummyjson.com"}]'::jsonb),
('prod-98', 'cat-men', 'Rolex Submariner Watch', 'rolex-submariner-watch-98', 'The Rolex Submariner is a legendary dive watch with a rich history. Known for its durability and water resistance, it''s a symbol of adventure and exploration.', 'Rolex', 13999.99, 14744.59, 55, ARRAY['S','M','L','XL']::TEXT[], ARRAY['Classic']::TEXT[], 2.69, 3, false, true, ARRAY['watches','luxury watches']::TEXT[], '[{"rating":4,"comment":"Great value for money!","date":"2025-04-30T09:41:02.053Z","reviewerName":"Luna Perez","reviewerEmail":"luna.perez@x.dummyjson.com"},{"rating":5,"comment":"Highly recommended!","date":"2025-04-30T09:41:02.053Z","reviewerName":"Hannah Robinson","reviewerEmail":"hannah.robinson@x.dummyjson.com"},{"rating":5,"comment":"Fast shipping!","date":"2025-04-30T09:41:02.053Z","reviewerName":"Aaliyah Hanson","reviewerEmail":"aaliyah.hanson@x.dummyjson.com"}]'::jsonb),
('prod-99', 'cat-accessories', 'Amazon Echo Plus', 'amazon-echo-plus-99', 'The Amazon Echo Plus is a smart speaker with built-in Alexa voice control. It features premium sound quality and serves as a hub for controlling smart home devices.', 'Amazon', 99.99, 113.72, 61, ARRAY['Standard']::TEXT[], ARRAY['Classic']::TEXT[], 4.99, 3, true, true, ARRAY['electronics','smart speakers']::TEXT[], '[{"rating":2,"comment":"Would not recommend!","date":"2025-04-30T09:41:02.053Z","reviewerName":"Chloe Morales","reviewerEmail":"chloe.morales@x.dummyjson.com"},{"rating":3,"comment":"Very disappointed!","date":"2025-04-30T09:41:02.053Z","reviewerName":"Mateo Perez","reviewerEmail":"mateo.perez@x.dummyjson.com"},{"rating":4,"comment":"Fast shipping!","date":"2025-04-30T09:41:02.053Z","reviewerName":"Evelyn Walker","reviewerEmail":"evelyn.walker@x.dummyjson.com"}]'::jsonb),
('prod-100', 'cat-accessories', 'Apple Airpods', 'apple-airpods-100', 'The Apple Airpods offer a seamless wireless audio experience. With easy pairing, high-quality sound, and Siri integration, they are perfect for on-the-go listening.', 'Apple', 129.99, 153.91, 67, ARRAY['Standard']::TEXT[], ARRAY['Classic']::TEXT[], 4.15, 3, false, true, ARRAY['electronics','wireless earphones']::TEXT[], '[{"rating":3,"comment":"Would not buy again!","date":"2025-04-30T09:41:02.053Z","reviewerName":"Christopher West","reviewerEmail":"christopher.west@x.dummyjson.com"},{"rating":5,"comment":"Great product!","date":"2025-04-30T09:41:02.053Z","reviewerName":"Emma Wilson","reviewerEmail":"emma.wilson@x.dummyjson.com"},{"rating":4,"comment":"Excellent quality!","date":"2025-04-30T09:41:02.053Z","reviewerName":"Xavier Wright","reviewerEmail":"xavier.wright@x.dummyjson.com"}]'::jsonb),
('prod-101', 'cat-accessories', 'Apple AirPods Max Silver', 'apple-airpods-max-silver-101', 'The Apple AirPods Max in Silver are premium over-ear headphones with high-fidelity audio, adaptive EQ, and active noise cancellation. Experience immersive sound in style.', 'Apple', 549.99, 637.08, 59, ARRAY['Standard']::TEXT[], ARRAY['Classic']::TEXT[], 3.47, 3, false, true, ARRAY['electronics','over-ear headphones']::TEXT[], '[{"rating":5,"comment":"Excellent quality!","date":"2025-04-30T09:41:02.053Z","reviewerName":"Henry Adams","reviewerEmail":"henry.adams@x.dummyjson.com"},{"rating":4,"comment":"Very happy with my purchase!","date":"2025-04-30T09:41:02.053Z","reviewerName":"Elijah Cruz","reviewerEmail":"elijah.cruz@x.dummyjson.com"},{"rating":4,"comment":"Would buy again!","date":"2025-04-30T09:41:02.053Z","reviewerName":"William Lopez","reviewerEmail":"william.lopez@x.dummyjson.com"}]'::jsonb),
('prod-102', 'cat-accessories', 'Apple Airpower Wireless Charger', 'apple-airpower-wireless-charger-102', 'The Apple AirPower Wireless Charger provides a convenient way to charge your compatible Apple devices wirelessly. Simply place your devices on the charging mat for effortless charging.', 'Apple', 79.99, 83.74, 1, ARRAY['Standard']::TEXT[], ARRAY['Classic']::TEXT[], 3.68, 3, false, true, ARRAY['electronics','wireless chargers']::TEXT[], '[{"rating":5,"comment":"Would buy again!","date":"2025-04-30T09:41:02.053Z","reviewerName":"Christian Perez","reviewerEmail":"christian.perez@x.dummyjson.com"},{"rating":4,"comment":"Awesome product!","date":"2025-04-30T09:41:02.053Z","reviewerName":"Ruby Andrews","reviewerEmail":"ruby.andrews@x.dummyjson.com"},{"rating":3,"comment":"Not worth the price!","date":"2025-04-30T09:41:02.053Z","reviewerName":"Harper Turner","reviewerEmail":"harper.turner@x.dummyjson.com"}]'::jsonb),
('prod-103', 'cat-accessories', 'Apple HomePod Mini Cosmic Grey', 'apple-homepod-mini-cosmic-grey-103', 'The Apple HomePod Mini in Cosmic Grey is a compact smart speaker that delivers impressive audio and integrates seamlessly with the Apple ecosystem for a smart home experience.', 'Apple', 99.99, 122.09, 27, ARRAY['Standard']::TEXT[], ARRAY['Classic']::TEXT[], 4.62, 3, true, true, ARRAY['electronics','smart speakers']::TEXT[], '[{"rating":5,"comment":"Great product!","date":"2025-04-30T09:41:02.053Z","reviewerName":"Max Russell","reviewerEmail":"max.russell@x.dummyjson.com"},{"rating":3,"comment":"Would not buy again!","date":"2025-04-30T09:41:02.053Z","reviewerName":"Isaac Lawrence","reviewerEmail":"isaac.lawrence@x.dummyjson.com"},{"rating":4,"comment":"Very pleased!","date":"2025-04-30T09:41:02.053Z","reviewerName":"Avery Carter","reviewerEmail":"avery.carter@x.dummyjson.com"}]'::jsonb),
('prod-104', 'cat-accessories', 'Apple iPhone Charger', 'apple-iphone-charger-104', 'The Apple iPhone Charger is a high-quality charger designed for fast and efficient charging of your iPhone. Ensure your device stays powered up and ready to go.', 'Apple', 19.99, 24.53, 31, ARRAY['Standard']::TEXT[], ARRAY['Classic']::TEXT[], 4.15, 3, false, true, ARRAY['electronics','chargers']::TEXT[], '[{"rating":1,"comment":"Very disappointed!","date":"2025-04-30T09:41:02.053Z","reviewerName":"Sadie Morales","reviewerEmail":"sadie.morales@x.dummyjson.com"},{"rating":5,"comment":"Great product!","date":"2025-04-30T09:41:02.053Z","reviewerName":"Lily Torres","reviewerEmail":"lily.torres@x.dummyjson.com"},{"rating":2,"comment":"Waste of money!","date":"2025-04-30T09:41:02.053Z","reviewerName":"Luke Cooper","reviewerEmail":"luke.cooper@x.dummyjson.com"}]'::jsonb),
('prod-105', 'cat-accessories', 'Apple MagSafe Battery Pack', 'apple-magsafe-battery-pack-105', 'The Apple MagSafe Battery Pack is a portable and convenient way to add extra battery life to your MagSafe-compatible iPhone. Attach it magnetically for a secure connection.', 'Apple', 99.99, 120.72, 1, ARRAY['Standard']::TEXT[], ARRAY['Classic']::TEXT[], 3.62, 3, false, true, ARRAY['electronics','power banks']::TEXT[], '[{"rating":2,"comment":"Would not recommend!","date":"2025-04-30T09:41:02.053Z","reviewerName":"Stella Morris","reviewerEmail":"stella.morris@x.dummyjson.com"},{"rating":2,"comment":"Not as described!","date":"2025-04-30T09:41:02.053Z","reviewerName":"Henry Adams","reviewerEmail":"henry.adams@x.dummyjson.com"},{"rating":5,"comment":"Fast shipping!","date":"2025-04-30T09:41:02.053Z","reviewerName":"Cameron Burke","reviewerEmail":"cameron.burke@x.dummyjson.com"}]'::jsonb),
('prod-106', 'cat-accessories', 'Apple Watch Series 4 Gold', 'apple-watch-series-4-gold-106', 'The Apple Watch Series 4 in Gold is a stylish and advanced smartwatch with features like heart rate monitoring, fitness tracking, and a beautiful Retina display.', 'Apple', 349.99, 397.81, 33, ARRAY['Standard']::TEXT[], ARRAY['Classic']::TEXT[], 2.74, 3, false, true, ARRAY['electronics','smartwatches']::TEXT[], '[{"rating":3,"comment":"Very unhappy with my purchase!","date":"2025-04-30T09:41:02.053Z","reviewerName":"Chloe Morales","reviewerEmail":"chloe.morales@x.dummyjson.com"},{"rating":4,"comment":"Fast shipping!","date":"2025-04-30T09:41:02.053Z","reviewerName":"Ava Harrison","reviewerEmail":"ava.harrison@x.dummyjson.com"},{"rating":4,"comment":"Would buy again!","date":"2025-04-30T09:41:02.053Z","reviewerName":"Nicholas Bailey","reviewerEmail":"nicholas.bailey@x.dummyjson.com"}]'::jsonb),
('prod-107', 'cat-accessories', 'Beats Flex Wireless Earphones', 'beats-flex-wireless-earphones-107', 'The Beats Flex Wireless Earphones offer a comfortable and versatile audio experience. With magnetic earbuds and up to 12 hours of battery life, they are ideal for everyday use.', 'Beats', 49.99, 53.03, 50, ARRAY['Standard']::TEXT[], ARRAY['Classic']::TEXT[], 4.24, 3, false, true, ARRAY['electronics','wireless earphones']::TEXT[], '[{"rating":2,"comment":"Disappointing product!","date":"2025-04-30T09:41:02.053Z","reviewerName":"William Gonzalez","reviewerEmail":"william.gonzalez@x.dummyjson.com"},{"rating":5,"comment":"Very pleased!","date":"2025-04-30T09:41:02.053Z","reviewerName":"Gabriel Mitchell","reviewerEmail":"gabriel.mitchell@x.dummyjson.com"},{"rating":2,"comment":"Not worth the price!","date":"2025-04-30T09:41:02.053Z","reviewerName":"Gabriel Adams","reviewerEmail":"gabriel.adams@x.dummyjson.com"}]'::jsonb),
('prod-108', 'cat-accessories', 'iPhone 12 Silicone Case with MagSafe Plum', 'iphone-12-silicone-case-with-magsafe-plum-108', 'The iPhone 12 Silicone Case with MagSafe in Plum is a stylish and protective case designed for the iPhone 12. It features MagSafe technology for easy attachment of accessories.', 'Apple', 29.99, 34.81, 69, ARRAY['Standard']::TEXT[], ARRAY['Classic']::TEXT[], 3.62, 3, false, true, ARRAY['electronics','phone accessories']::TEXT[], '[{"rating":2,"comment":"Would not buy again!","date":"2025-04-30T09:41:02.053Z","reviewerName":"Penelope King","reviewerEmail":"penelope.king@x.dummyjson.com"},{"rating":5,"comment":"Great value for money!","date":"2025-04-30T09:41:02.053Z","reviewerName":"Isabella Anderson","reviewerEmail":"isabella.anderson@x.dummyjson.com"},{"rating":5,"comment":"Highly recommended!","date":"2025-04-30T09:41:02.053Z","reviewerName":"Claire Foster","reviewerEmail":"claire.foster@x.dummyjson.com"}]'::jsonb),
('prod-109', 'cat-accessories', 'Monopod', 'monopod-109', 'The Monopod is a versatile camera accessory for stable and adjustable shooting. Perfect for capturing selfies, group photos, and videos with ease.', 'TechGear', 19.99, 21.87, 48, ARRAY['Standard']::TEXT[], ARRAY['Classic']::TEXT[], 4.43, 3, false, true, ARRAY['electronics','camera accessories']::TEXT[], '[{"rating":1,"comment":"Not worth the price!","date":"2025-04-30T09:41:02.053Z","reviewerName":"Max Parker","reviewerEmail":"max.parker@x.dummyjson.com"},{"rating":4,"comment":"Highly recommended!","date":"2025-04-30T09:41:02.053Z","reviewerName":"Maya Reed","reviewerEmail":"maya.reed@x.dummyjson.com"},{"rating":5,"comment":"Fast shipping!","date":"2025-04-30T09:41:02.053Z","reviewerName":"Mila Hernandez","reviewerEmail":"mila.hernandez@x.dummyjson.com"}]'::jsonb),
('prod-110', 'cat-accessories', 'Selfie Lamp with iPhone', 'selfie-lamp-with-iphone-110', 'The Selfie Lamp with iPhone is a portable and adjustable LED light designed to enhance your selfies and video calls. Attach it to your iPhone for well-lit photos.', 'GadgetMaster', 14.99, 18.6, 58, ARRAY['Standard']::TEXT[], ARRAY['Classic']::TEXT[], 3.55, 3, false, true, ARRAY['electronics','selfie accessories']::TEXT[], '[{"rating":4,"comment":"Highly recommended!","date":"2025-04-30T09:41:02.053Z","reviewerName":"Luke Cooper","reviewerEmail":"luke.cooper@x.dummyjson.com"},{"rating":3,"comment":"Poor quality!","date":"2025-04-30T09:41:02.053Z","reviewerName":"Caleb Perkins","reviewerEmail":"caleb.perkins@x.dummyjson.com"},{"rating":4,"comment":"Highly recommended!","date":"2025-04-30T09:41:02.053Z","reviewerName":"Benjamin Wilson","reviewerEmail":"benjamin.wilson@x.dummyjson.com"}]'::jsonb),
('prod-111', 'cat-accessories', 'Selfie Stick Monopod', 'selfie-stick-monopod-111', 'The Selfie Stick Monopod is a extendable and foldable device for capturing the perfect selfie or group photo. Compatible with smartphones and cameras.', 'SnapTech', 12.99, 16.06, 11, ARRAY['Standard']::TEXT[], ARRAY['Classic']::TEXT[], 3.88, 3, false, true, ARRAY['electronics','selfie accessories']::TEXT[], '[{"rating":4,"comment":"Great product!","date":"2025-04-30T09:41:02.053Z","reviewerName":"Ryan Graham","reviewerEmail":"ryan.graham@x.dummyjson.com"},{"rating":4,"comment":"Great product!","date":"2025-04-30T09:41:02.053Z","reviewerName":"Nora Russell","reviewerEmail":"nora.russell@x.dummyjson.com"},{"rating":1,"comment":"Very dissatisfied!","date":"2025-04-30T09:41:02.053Z","reviewerName":"Luna Perez","reviewerEmail":"luna.perez@x.dummyjson.com"}]'::jsonb),
('prod-112', 'cat-accessories', 'TV Studio Camera Pedestal', 'tv-studio-camera-pedestal-112', 'The TV Studio Camera Pedestal is a professional-grade camera support system for smooth and precise camera movements in a studio setting. Ideal for broadcast and production.', 'ProVision', 499.99, 545.3, 15, ARRAY['Standard']::TEXT[], ARRAY['Classic']::TEXT[], 2.78, 3, false, true, ARRAY['electronics','camera accessories']::TEXT[], '[{"rating":3,"comment":"Would not recommend!","date":"2025-04-30T09:41:02.053Z","reviewerName":"Aubrey Gutierrez","reviewerEmail":"aubrey.gutierrez@x.dummyjson.com"},{"rating":5,"comment":"Would buy again!","date":"2025-04-30T09:41:02.053Z","reviewerName":"Carter Rivera","reviewerEmail":"carter.rivera@x.dummyjson.com"},{"rating":5,"comment":"Fast shipping!","date":"2025-04-30T09:41:02.053Z","reviewerName":"Max Russell","reviewerEmail":"max.russell@x.dummyjson.com"}]'::jsonb),
('prod-118', 'cat-beauty', 'Attitude Super Leaves Hand Soap', 'attitude-super-leaves-hand-soap-118', 'Attitude Super Leaves Hand Soap is a natural and nourishing hand soap enriched with the goodness of super leaves. It cleanses and moisturizes your hands, leaving them feeling fresh and soft.', 'Attitude', 8.99, 11.03, 94, ARRAY['Standard']::TEXT[], ARRAY['Classic']::TEXT[], 3.19, 3, false, true, ARRAY['personal care','hand soap']::TEXT[], '[{"rating":5,"comment":"Very satisfied!","date":"2025-04-30T09:41:02.053Z","reviewerName":"Liam Garcia","reviewerEmail":"liam.garcia@x.dummyjson.com"},{"rating":4,"comment":"Great product!","date":"2025-04-30T09:41:02.053Z","reviewerName":"Victoria McDonald","reviewerEmail":"victoria.mcdonald@x.dummyjson.com"},{"rating":5,"comment":"Very happy with my purchase!","date":"2025-04-30T09:41:02.053Z","reviewerName":"Hannah Robinson","reviewerEmail":"hannah.robinson@x.dummyjson.com"}]'::jsonb),
('prod-119', 'cat-beauty', 'Olay Ultra Moisture Shea Butter Body Wash', 'olay-ultra-moisture-shea-butter-body-wash-119', 'Olay Ultra Moisture Shea Butter Body Wash is a luxurious body wash that hydrates and nourishes your skin with the moisturizing power of shea butter. Enjoy a rich lather and silky-smooth skin.', 'Olay', 12.99, 15.54, 34, ARRAY['Standard']::TEXT[], ARRAY['Classic']::TEXT[], 4.51, 3, true, true, ARRAY['personal care','body wash']::TEXT[], '[{"rating":4,"comment":"Very satisfied!","date":"2025-04-30T09:41:02.053Z","reviewerName":"Abigail Rivera","reviewerEmail":"abigail.rivera@x.dummyjson.com"},{"rating":4,"comment":"Great value for money!","date":"2025-04-30T09:41:02.053Z","reviewerName":"Hunter Gordon","reviewerEmail":"hunter.gordon@x.dummyjson.com"},{"rating":4,"comment":"Very pleased!","date":"2025-04-30T09:41:02.053Z","reviewerName":"Zoe Bennett","reviewerEmail":"zoe.bennett@x.dummyjson.com"}]'::jsonb),
('prod-120', 'cat-beauty', 'Vaseline Men Body and Face Lotion', 'vaseline-men-body-and-face-lotion-120', 'Vaseline Men Body and Face Lotion is a specially formulated lotion designed to provide long-lasting moisture to men''s skin. It absorbs quickly and helps keep the skin hydrated and healthy.', 'Vaseline', 9.99, 11.53, 95, ARRAY['Standard']::TEXT[], ARRAY['Classic']::TEXT[], 3.16, 3, false, true, ARRAY['personal care','body lotion']::TEXT[], '[{"rating":4,"comment":"Excellent quality!","date":"2025-04-30T09:41:02.054Z","reviewerName":"Aria Ferguson","reviewerEmail":"aria.ferguson@x.dummyjson.com"},{"rating":5,"comment":"Very pleased!","date":"2025-04-30T09:41:02.054Z","reviewerName":"Nova Cooper","reviewerEmail":"nova.cooper@x.dummyjson.com"},{"rating":4,"comment":"Great product!","date":"2025-04-30T09:41:02.054Z","reviewerName":"Madison Collins","reviewerEmail":"madison.collins@x.dummyjson.com"}]'::jsonb),
('prod-137', 'cat-accessories', 'American Football', 'american-football-137', 'The American Football is a classic ball used in American football games. It is designed for throwing and catching, making it an essential piece of equipment for the sport.', 'Luxe', 19.99, 21.03, 53, ARRAY['Standard']::TEXT[], ARRAY['Classic']::TEXT[], 4.91, 3, true, true, ARRAY['sports equipment','american football']::TEXT[], '[{"rating":4,"comment":"Awesome product!","date":"2025-04-30T09:41:02.054Z","reviewerName":"Scarlett Bowman","reviewerEmail":"scarlett.bowman@x.dummyjson.com"},{"rating":4,"comment":"Would buy again!","date":"2025-04-30T09:41:02.054Z","reviewerName":"Tristan Scott","reviewerEmail":"tristan.scott@x.dummyjson.com"},{"rating":4,"comment":"Very pleased!","date":"2025-04-30T09:41:02.054Z","reviewerName":"Eleanor Tyler","reviewerEmail":"eleanor.tyler@x.dummyjson.com"}]'::jsonb),
('prod-138', 'cat-accessories', 'Baseball Ball', 'baseball-ball-138', 'The Baseball Ball is a standard baseball used in baseball games. It features a durable leather cover and is designed for pitching, hitting, and fielding in the game of baseball.', 'Luxe', 8.99, 9.15, 100, ARRAY['Standard']::TEXT[], ARRAY['Classic']::TEXT[], 2.57, 3, false, true, ARRAY['sports equipment','baseball']::TEXT[], '[{"rating":5,"comment":"Excellent quality!","date":"2025-04-30T09:41:02.054Z","reviewerName":"Scarlett Wright","reviewerEmail":"scarlett.wright@x.dummyjson.com"},{"rating":4,"comment":"Great value for money!","date":"2025-04-30T09:41:02.054Z","reviewerName":"Carter Baker","reviewerEmail":"carter.baker@x.dummyjson.com"},{"rating":1,"comment":"Poor quality!","date":"2025-04-30T09:41:02.054Z","reviewerName":"Aria Flores","reviewerEmail":"aria.flores@x.dummyjson.com"}]'::jsonb),
('prod-139', 'cat-accessories', 'Baseball Glove', 'baseball-glove-139', 'The Baseball Glove is a protective glove worn by baseball players. It is designed to catch and field the baseball, providing players with comfort and control during the game.', 'Luxe', 24.99, 25.74, 22, ARRAY['Standard']::TEXT[], ARRAY['Classic']::TEXT[], 3.96, 3, false, true, ARRAY['sports equipment','baseball']::TEXT[], '[{"rating":1,"comment":"Very unhappy with my purchase!","date":"2025-04-30T09:41:02.054Z","reviewerName":"Hazel Gardner","reviewerEmail":"hazel.gardner@x.dummyjson.com"},{"rating":4,"comment":"Great value for money!","date":"2025-04-30T09:41:02.054Z","reviewerName":"Scarlett Wright","reviewerEmail":"scarlett.wright@x.dummyjson.com"},{"rating":3,"comment":"Would not recommend!","date":"2025-04-30T09:41:02.054Z","reviewerName":"Nathan Reed","reviewerEmail":"nathan.reed@x.dummyjson.com"}]'::jsonb),
('prod-140', 'cat-accessories', 'Basketball', 'basketball-140', 'The Basketball is a standard ball used in basketball games. It is designed for dribbling, shooting, and passing in the game of basketball, suitable for both indoor and outdoor play.', 'Luxe', 14.99, 16.19, 75, ARRAY['Standard']::TEXT[], ARRAY['Classic']::TEXT[], 4.66, 3, true, true, ARRAY['sports equipment','basketball']::TEXT[], '[{"rating":5,"comment":"Highly recommended!","date":"2025-04-30T09:41:02.054Z","reviewerName":"Mia Rodriguez","reviewerEmail":"mia.rodriguez@x.dummyjson.com"},{"rating":2,"comment":"Would not buy again!","date":"2025-04-30T09:41:02.054Z","reviewerName":"Ella Adams","reviewerEmail":"ella.adams@x.dummyjson.com"},{"rating":4,"comment":"Very satisfied!","date":"2025-04-30T09:41:02.054Z","reviewerName":"Aubrey Garcia","reviewerEmail":"aubrey.garcia@x.dummyjson.com"}]'::jsonb),
('prod-141', 'cat-accessories', 'Basketball Rim', 'basketball-rim-141', 'The Basketball Rim is a sturdy hoop and net assembly mounted on a basketball backboard. It provides a target for shooting and scoring in the game of basketball.', 'Luxe', 39.99, 43.34, 43, ARRAY['Standard']::TEXT[], ARRAY['Classic']::TEXT[], 4.6, 3, true, true, ARRAY['sports equipment','basketball']::TEXT[], '[{"rating":4,"comment":"Fast shipping!","date":"2025-04-30T09:41:02.054Z","reviewerName":"Mason Wright","reviewerEmail":"mason.wright@x.dummyjson.com"},{"rating":5,"comment":"Highly recommended!","date":"2025-04-30T09:41:02.054Z","reviewerName":"Tristan Scott","reviewerEmail":"tristan.scott@x.dummyjson.com"},{"rating":1,"comment":"Would not buy again!","date":"2025-04-30T09:41:02.054Z","reviewerName":"Max Parker","reviewerEmail":"max.parker@x.dummyjson.com"}]'::jsonb),
('prod-142', 'cat-accessories', 'Cricket Ball', 'cricket-ball-142', 'The Cricket Ball is a hard leather ball used in the sport of cricket. It is bowled and batted in the game, and its hardness and seam contribute to the dynamics of cricket play.', 'Luxe', 12.99, 14.22, 30, ARRAY['Standard']::TEXT[], ARRAY['Classic']::TEXT[], 3.53, 3, false, true, ARRAY['sports equipment','cricket']::TEXT[], '[{"rating":1,"comment":"Poor quality!","date":"2025-04-30T09:41:02.054Z","reviewerName":"Julian James","reviewerEmail":"julian.james@x.dummyjson.com"},{"rating":1,"comment":"Poor quality!","date":"2025-04-30T09:41:02.054Z","reviewerName":"Autumn Gomez","reviewerEmail":"autumn.gomez@x.dummyjson.com"},{"rating":2,"comment":"Waste of money!","date":"2025-04-30T09:41:02.054Z","reviewerName":"Liam Gonzalez","reviewerEmail":"liam.gonzalez@x.dummyjson.com"}]'::jsonb),
('prod-143', 'cat-accessories', 'Cricket Bat', 'cricket-bat-143', 'The Cricket Bat is an essential piece of cricket equipment used by batsmen to hit the cricket ball. It is made of wood and comes in various sizes and designs.', 'Luxe', 29.99, 31.01, 98, ARRAY['Standard']::TEXT[], ARRAY['Classic']::TEXT[], 3.17, 3, false, true, ARRAY['sports equipment','cricket']::TEXT[], '[{"rating":5,"comment":"Very satisfied!","date":"2025-04-30T09:41:02.054Z","reviewerName":"Samantha Howard","reviewerEmail":"samantha.howard@x.dummyjson.com"},{"rating":5,"comment":"Would buy again!","date":"2025-04-30T09:41:02.054Z","reviewerName":"Ella Adams","reviewerEmail":"ella.adams@x.dummyjson.com"},{"rating":3,"comment":"Poor quality!","date":"2025-04-30T09:41:02.054Z","reviewerName":"Julian Newton","reviewerEmail":"julian.newton@x.dummyjson.com"}]'::jsonb),
('prod-144', 'cat-accessories', 'Cricket Helmet', 'cricket-helmet-144', 'The Cricket Helmet is a protective headgear worn by cricket players, especially batsmen and wicketkeepers. It provides protection against fast bowling and bouncers.', 'Luxe', 44.99, 49.79, 10, ARRAY['Standard']::TEXT[], ARRAY['Classic']::TEXT[], 4.69, 3, true, true, ARRAY['sports equipment','cricket']::TEXT[], '[{"rating":5,"comment":"Great value for money!","date":"2025-04-30T09:41:02.054Z","reviewerName":"Henry Turner","reviewerEmail":"henry.turner@x.dummyjson.com"},{"rating":4,"comment":"Excellent quality!","date":"2025-04-30T09:41:02.054Z","reviewerName":"Maya Reed","reviewerEmail":"maya.reed@x.dummyjson.com"},{"rating":4,"comment":"Very pleased!","date":"2025-04-30T09:41:02.054Z","reviewerName":"Avery Perez","reviewerEmail":"avery.perez@x.dummyjson.com"}]'::jsonb),
('prod-145', 'cat-accessories', 'Cricket Wicket', 'cricket-wicket-145', 'The Cricket Wicket is a set of three stumps and two bails, forming a wicket used in the sport of cricket. Batsmen aim to protect the wicket while scoring runs.', 'Luxe', 29.99, 36.1, 25, ARRAY['Standard']::TEXT[], ARRAY['Classic']::TEXT[], 4.73, 3, true, true, ARRAY['sports equipment','cricket']::TEXT[], '[{"rating":3,"comment":"Very dissatisfied!","date":"2025-04-30T09:41:02.054Z","reviewerName":"Gabriel Mitchell","reviewerEmail":"gabriel.mitchell@x.dummyjson.com"},{"rating":5,"comment":"Fast shipping!","date":"2025-04-30T09:41:02.054Z","reviewerName":"Grayson Coleman","reviewerEmail":"grayson.coleman@x.dummyjson.com"},{"rating":5,"comment":"Awesome product!","date":"2025-04-30T09:41:02.054Z","reviewerName":"Grace Green","reviewerEmail":"grace.green@x.dummyjson.com"}]'::jsonb),
('prod-146', 'cat-accessories', 'Feather Shuttlecock', 'feather-shuttlecock-146', 'The Feather Shuttlecock is used in the sport of badminton. It features natural feathers and is designed for high-speed play, providing stability and accuracy during matches.', 'Luxe', 5.99, 6.17, 95, ARRAY['Standard']::TEXT[], ARRAY['Classic']::TEXT[], 2.85, 3, false, true, ARRAY['sports equipment','badminton']::TEXT[], '[{"rating":4,"comment":"Awesome product!","date":"2025-04-30T09:41:02.054Z","reviewerName":"Liam Smith","reviewerEmail":"liam.smith@x.dummyjson.com"},{"rating":5,"comment":"Very happy with my purchase!","date":"2025-04-30T09:41:02.054Z","reviewerName":"Aubrey Wagner","reviewerEmail":"aubrey.wagner@x.dummyjson.com"},{"rating":4,"comment":"Very pleased!","date":"2025-04-30T09:41:02.054Z","reviewerName":"Scarlett Bowman","reviewerEmail":"scarlett.bowman@x.dummyjson.com"}]'::jsonb),
('prod-147', 'cat-accessories', 'Football', 'football-147', 'The Football, also known as a soccer ball, is the standard ball used in the sport of football (soccer). It is designed for kicking and passing in the game.', 'Luxe', 17.99, 18.97, 96, ARRAY['Standard']::TEXT[], ARRAY['Classic']::TEXT[], 3.28, 3, false, true, ARRAY['sports equipment','football']::TEXT[], '[{"rating":4,"comment":"Very happy with my purchase!","date":"2025-04-30T09:41:02.054Z","reviewerName":"Elena Long","reviewerEmail":"elena.long@x.dummyjson.com"},{"rating":2,"comment":"Would not recommend!","date":"2025-04-30T09:41:02.054Z","reviewerName":"Leah Gutierrez","reviewerEmail":"leah.gutierrez@x.dummyjson.com"},{"rating":4,"comment":"Very happy with my purchase!","date":"2025-04-30T09:41:02.054Z","reviewerName":"Nathan Dixon","reviewerEmail":"nathan.dixon@x.dummyjson.com"}]'::jsonb),
('prod-148', 'cat-accessories', 'Golf Ball', 'golf-ball-148', 'The Golf Ball is a small ball used in the sport of golf. It features dimples on its surface, providing aerodynamic lift and distance when struck by a golf club.', 'Luxe', 9.99, 12.09, 84, ARRAY['Standard']::TEXT[], ARRAY['Classic']::TEXT[], 4.3, 3, false, true, ARRAY['sports equipment','golf']::TEXT[], '[{"rating":2,"comment":"Not worth the price!","date":"2025-04-30T09:41:02.054Z","reviewerName":"Ella Cook","reviewerEmail":"ella.cook@x.dummyjson.com"},{"rating":2,"comment":"Waste of money!","date":"2025-04-30T09:41:02.054Z","reviewerName":"Cameron Perez","reviewerEmail":"cameron.perez@x.dummyjson.com"},{"rating":5,"comment":"Very satisfied!","date":"2025-04-30T09:41:02.054Z","reviewerName":"Mason Wright","reviewerEmail":"mason.wright@x.dummyjson.com"}]'::jsonb),
('prod-149', 'cat-accessories', 'Iron Golf', 'iron-golf-149', 'The Iron Golf is a type of golf club designed for various golf shots. It features a solid metal head and is used for approach shots, chipping, and other golfing techniques.', 'Luxe', 49.99, 53.48, 90, ARRAY['Standard']::TEXT[], ARRAY['Classic']::TEXT[], 4.41, 3, false, true, ARRAY['sports equipment','golf']::TEXT[], '[{"rating":5,"comment":"Awesome product!","date":"2025-04-30T09:41:02.054Z","reviewerName":"Julian Newton","reviewerEmail":"julian.newton@x.dummyjson.com"},{"rating":1,"comment":"Would not buy again!","date":"2025-04-30T09:41:02.054Z","reviewerName":"Caleb Perkins","reviewerEmail":"caleb.perkins@x.dummyjson.com"},{"rating":5,"comment":"Awesome product!","date":"2025-04-30T09:41:02.054Z","reviewerName":"Aria Ferguson","reviewerEmail":"aria.ferguson@x.dummyjson.com"}]'::jsonb),
('prod-150', 'cat-accessories', 'Metal Baseball Bat', 'metal-baseball-bat-150', 'The Metal Baseball Bat is a durable and lightweight baseball bat made from metal alloys. It is commonly used in baseball games for hitting and batting practice.', 'Luxe', 29.99, 37.26, 16, ARRAY['Standard']::TEXT[], ARRAY['Classic']::TEXT[], 4.66, 3, true, true, ARRAY['sports equipment','baseball']::TEXT[], '[{"rating":5,"comment":"Very happy with my purchase!","date":"2025-04-30T09:41:02.054Z","reviewerName":"Gabriel Bailey","reviewerEmail":"gabriel.bailey@x.dummyjson.com"},{"rating":4,"comment":"Great value for money!","date":"2025-04-30T09:41:02.054Z","reviewerName":"Owen Fisher","reviewerEmail":"owen.fisher@x.dummyjson.com"},{"rating":5,"comment":"Would buy again!","date":"2025-04-30T09:41:02.054Z","reviewerName":"Logan Lawson","reviewerEmail":"logan.lawson@x.dummyjson.com"}]'::jsonb),
('prod-151', 'cat-accessories', 'Tennis Ball', 'tennis-ball-151', 'The Tennis Ball is a standard ball used in the sport of tennis. It is designed for bouncing and hitting with tennis rackets during matches or practice sessions.', 'Luxe', 6.99, 7.92, 28, ARRAY['Standard']::TEXT[], ARRAY['Classic']::TEXT[], 4.06, 3, false, true, ARRAY['sports equipment','tennis']::TEXT[], '[{"rating":4,"comment":"Would buy again!","date":"2025-04-30T09:41:02.054Z","reviewerName":"Addison Ward","reviewerEmail":"addison.ward@x.dummyjson.com"},{"rating":5,"comment":"Great value for money!","date":"2025-04-30T09:41:02.054Z","reviewerName":"Max Russell","reviewerEmail":"max.russell@x.dummyjson.com"},{"rating":4,"comment":"Very happy with my purchase!","date":"2025-04-30T09:41:02.054Z","reviewerName":"Luna Perez","reviewerEmail":"luna.perez@x.dummyjson.com"}]'::jsonb),
('prod-152', 'cat-accessories', 'Tennis Racket', 'tennis-racket-152', 'The Tennis Racket is an essential piece of equipment used in the sport of tennis. It features a frame with strings and a grip, allowing players to hit the tennis ball.', 'Luxe', 49.99, 62.18, 6, ARRAY['Standard']::TEXT[], ARRAY['Classic']::TEXT[], 4.03, 3, false, true, ARRAY['sports equipment','tennis']::TEXT[], '[{"rating":3,"comment":"Poor quality!","date":"2025-04-30T09:41:02.054Z","reviewerName":"Mason Parker","reviewerEmail":"mason.parker@x.dummyjson.com"},{"rating":5,"comment":"Highly impressed!","date":"2025-04-30T09:41:02.054Z","reviewerName":"Gabriel Bailey","reviewerEmail":"gabriel.bailey@x.dummyjson.com"},{"rating":5,"comment":"Highly recommended!","date":"2025-04-30T09:41:02.054Z","reviewerName":"Lincoln Kelly","reviewerEmail":"lincoln.kelly@x.dummyjson.com"}]'::jsonb),
('prod-153', 'cat-accessories', 'Volleyball', 'volleyball-153', 'The Volleyball is a standard ball used in the sport of volleyball. It is designed for passing, setting, and spiking over the net during volleyball matches.', 'Luxe', 11.99, 13.66, 0, ARRAY['Standard']::TEXT[], ARRAY['Classic']::TEXT[], 3.84, 3, false, true, ARRAY['sports equipment','volleyball']::TEXT[], '[{"rating":4,"comment":"Great product!","date":"2025-04-30T09:41:02.054Z","reviewerName":"Carter Rivera","reviewerEmail":"carter.rivera@x.dummyjson.com"},{"rating":1,"comment":"Would not recommend!","date":"2025-04-30T09:41:02.054Z","reviewerName":"Eli Ward","reviewerEmail":"eli.ward@x.dummyjson.com"},{"rating":4,"comment":"Highly recommended!","date":"2025-04-30T09:41:02.054Z","reviewerName":"Emma Wilson","reviewerEmail":"emma.wilson@x.dummyjson.com"}]'::jsonb),
('prod-154', 'cat-accessories', 'Black Sun Glasses', 'black-sun-glasses-154', 'The Black Sun Glasses are a classic and stylish choice, featuring a sleek black frame and tinted lenses. They provide both UV protection and a fashionable look.', 'Fashion Shades', 29.99, 31.55, 60, ARRAY['Standard']::TEXT[], ARRAY['Classic']::TEXT[], 4.41, 3, false, true, ARRAY['eyewear','sunglasses']::TEXT[], '[{"rating":3,"comment":"Would not recommend!","date":"2025-04-30T09:41:02.054Z","reviewerName":"Jonathan Pierce","reviewerEmail":"jonathan.pierce@x.dummyjson.com"},{"rating":2,"comment":"Disappointing product!","date":"2025-04-30T09:41:02.054Z","reviewerName":"Owen Fisher","reviewerEmail":"owen.fisher@x.dummyjson.com"},{"rating":4,"comment":"Very happy with my purchase!","date":"2025-04-30T09:41:02.054Z","reviewerName":"Samantha Martinez","reviewerEmail":"samantha.martinez@x.dummyjson.com"}]'::jsonb),
('prod-155', 'cat-accessories', 'Classic Sun Glasses', 'classic-sun-glasses-155', 'The Classic Sun Glasses offer a timeless design with a neutral frame and UV-protected lenses. These sunglasses are versatile and suitable for various occasions.', 'Fashion Shades', 24.99, 26.29, 1, ARRAY['Standard']::TEXT[], ARRAY['Classic']::TEXT[], 3.86, 3, false, true, ARRAY['eyewear','sunglasses']::TEXT[], '[{"rating":5,"comment":"Very satisfied!","date":"2025-04-30T09:41:02.054Z","reviewerName":"Logan Lee","reviewerEmail":"logan.lee@x.dummyjson.com"},{"rating":3,"comment":"Very dissatisfied!","date":"2025-04-30T09:41:02.054Z","reviewerName":"Jack Ward","reviewerEmail":"jack.ward@x.dummyjson.com"},{"rating":4,"comment":"Very happy with my purchase!","date":"2025-04-30T09:41:02.054Z","reviewerName":"Julian James","reviewerEmail":"julian.james@x.dummyjson.com"}]'::jsonb),
('prod-156', 'cat-accessories', 'Green and Black Glasses', 'green-and-black-glasses-156', 'The Green and Black Glasses feature a bold combination of green and black colors, adding a touch of vibrancy to your eyewear collection. They are both stylish and eye-catching.', 'Fashion Shades', 34.99, 35.35, 24, ARRAY['Standard']::TEXT[], ARRAY['Classic']::TEXT[], 4.55, 3, true, true, ARRAY['eyewear','sunglasses']::TEXT[], '[{"rating":3,"comment":"Waste of money!","date":"2025-04-30T09:41:02.054Z","reviewerName":"Ava Taylor","reviewerEmail":"ava.taylor@x.dummyjson.com"},{"rating":3,"comment":"Disappointing product!","date":"2025-04-30T09:41:02.054Z","reviewerName":"Owen Sullivan","reviewerEmail":"owen.sullivan@x.dummyjson.com"},{"rating":5,"comment":"Highly impressed!","date":"2025-04-30T09:41:02.054Z","reviewerName":"Victoria McDonald","reviewerEmail":"victoria.mcdonald@x.dummyjson.com"}]'::jsonb),
('prod-157', 'cat-accessories', 'Party Glasses', 'party-glasses-157', 'The Party Glasses are designed to add flair to your party outfit. With unique shapes or colorful frames, they''re perfect for adding a playful touch to your look during celebrations.', 'Fashion Fun', 19.99, 22.52, 86, ARRAY['Standard']::TEXT[], ARRAY['Classic']::TEXT[], 2.79, 3, false, true, ARRAY['eyewear','party glasses']::TEXT[], '[{"rating":5,"comment":"Very pleased!","date":"2025-04-30T09:41:02.054Z","reviewerName":"Levi Hicks","reviewerEmail":"levi.hicks@x.dummyjson.com"},{"rating":5,"comment":"Excellent quality!","date":"2025-04-30T09:41:02.054Z","reviewerName":"Ariana Ross","reviewerEmail":"ariana.ross@x.dummyjson.com"},{"rating":4,"comment":"Great product!","date":"2025-04-30T09:41:02.054Z","reviewerName":"Samantha Howard","reviewerEmail":"samantha.howard@x.dummyjson.com"}]'::jsonb),
('prod-158', 'cat-accessories', 'Sunglasses', 'sunglasses-158', 'The Sunglasses offer a classic and simple design with a focus on functionality. These sunglasses provide essential UV protection while maintaining a timeless look.', 'Fashion Shades', 22.99, 23.34, 27, ARRAY['Standard']::TEXT[], ARRAY['Classic']::TEXT[], 3.02, 3, false, true, ARRAY['eyewear','sunglasses']::TEXT[], '[{"rating":5,"comment":"Would buy again!","date":"2025-04-30T09:41:02.054Z","reviewerName":"Olivia Wilson","reviewerEmail":"olivia.wilson@x.dummyjson.com"},{"rating":2,"comment":"Not worth the price!","date":"2025-04-30T09:41:02.054Z","reviewerName":"Lillian Bishop","reviewerEmail":"lillian.bishop@x.dummyjson.com"},{"rating":4,"comment":"Fast shipping!","date":"2025-04-30T09:41:02.054Z","reviewerName":"Leah Henderson","reviewerEmail":"leah.henderson@x.dummyjson.com"}]'::jsonb),
('prod-162', 'cat-women', 'Blue Frock', 'blue-frock-162', 'The Blue Frock is a charming and stylish dress for various occasions. With a vibrant blue color and a comfortable design, it adds a touch of elegance to your wardrobe.', 'Luxe', 29.99, 34.13, 52, ARRAY['S','M','L','XL']::TEXT[], ARRAY['Classic']::TEXT[], 4.17, 3, false, true, ARRAY['clothing','dresses']::TEXT[], '[{"rating":4,"comment":"Great product!","date":"2025-04-30T09:41:02.054Z","reviewerName":"Victoria McDonald","reviewerEmail":"victoria.mcdonald@x.dummyjson.com"},{"rating":4,"comment":"Fast shipping!","date":"2025-04-30T09:41:02.054Z","reviewerName":"Benjamin Foster","reviewerEmail":"benjamin.foster@x.dummyjson.com"},{"rating":4,"comment":"Would buy again!","date":"2025-04-30T09:41:02.054Z","reviewerName":"Addison Ward","reviewerEmail":"addison.ward@x.dummyjson.com"}]'::jsonb),
('prod-163', 'cat-women', 'Girl Summer Dress', 'girl-summer-dress-163', 'The Girl Summer Dress is a cute and breezy dress designed for warm weather. With playful patterns and lightweight fabric, it''s perfect for keeping cool and stylish during the summer.', 'Luxe', 19.99, 24.74, 43, ARRAY['S','M','L','XL']::TEXT[], ARRAY['Classic']::TEXT[], 4.77, 3, true, true, ARRAY['clothing','girls'' dresses']::TEXT[], '[{"rating":5,"comment":"Excellent quality!","date":"2025-04-30T09:41:02.054Z","reviewerName":"Mason Pearson","reviewerEmail":"mason.pearson@x.dummyjson.com"},{"rating":4,"comment":"Great product!","date":"2025-04-30T09:41:02.054Z","reviewerName":"Aubrey Garcia","reviewerEmail":"aubrey.garcia@x.dummyjson.com"},{"rating":4,"comment":"Very satisfied!","date":"2025-04-30T09:41:02.054Z","reviewerName":"Charlotte Davis","reviewerEmail":"charlotte.davis@x.dummyjson.com"}]'::jsonb),
('prod-164', 'cat-women', 'Gray Dress', 'gray-dress-164', 'The Gray Dress is a versatile and chic option for various occasions. With a neutral gray color, it can be dressed up or down, making it a wardrobe staple for any fashion-forward individual.', 'Luxe', 34.99, 40.82, 55, ARRAY['S','M','L','XL']::TEXT[], ARRAY['Classic']::TEXT[], 2.72, 3, false, true, ARRAY['clothing','dresses']::TEXT[], '[{"rating":5,"comment":"Highly impressed!","date":"2025-04-30T09:41:02.054Z","reviewerName":"Brayden Fleming","reviewerEmail":"brayden.fleming@x.dummyjson.com"},{"rating":4,"comment":"Awesome product!","date":"2025-04-30T09:41:02.054Z","reviewerName":"Michael Johnson","reviewerEmail":"michael.johnson@x.dummyjson.com"},{"rating":5,"comment":"Highly recommended!","date":"2025-04-30T09:41:02.054Z","reviewerName":"Evelyn Sanchez","reviewerEmail":"evelyn.sanchez@x.dummyjson.com"}]'::jsonb),
('prod-165', 'cat-women', 'Short Frock', 'short-frock-165', 'The Short Frock is a playful and trendy dress with a shorter length. Ideal for casual outings or special occasions, it combines style and comfort for a fashionable look.', 'Luxe', 24.99, 28.87, 22, ARRAY['S','M','L','XL']::TEXT[], ARRAY['Classic']::TEXT[], 3.23, 3, false, true, ARRAY['clothing','dresses']::TEXT[], '[{"rating":3,"comment":"Disappointing product!","date":"2025-04-30T09:41:02.054Z","reviewerName":"Gabriel Hayes","reviewerEmail":"gabriel.hayes@x.dummyjson.com"},{"rating":5,"comment":"Awesome product!","date":"2025-04-30T09:41:02.054Z","reviewerName":"Samantha Howard","reviewerEmail":"samantha.howard@x.dummyjson.com"},{"rating":4,"comment":"Fast shipping!","date":"2025-04-30T09:41:02.054Z","reviewerName":"Luke Cooper","reviewerEmail":"luke.cooper@x.dummyjson.com"}]'::jsonb),
('prod-166', 'cat-women', 'Tartan Dress', 'tartan-dress-166', 'The Tartan Dress features a classic tartan pattern, bringing a timeless and sophisticated touch to your wardrobe. Perfect for fall and winter, it adds a hint of traditional charm.', 'Luxe', 39.99, 45.94, 73, ARRAY['S','M','L','XL']::TEXT[], ARRAY['Classic']::TEXT[], 4.05, 3, false, true, ARRAY['clothing','dresses']::TEXT[], '[{"rating":5,"comment":"Highly recommended!","date":"2025-04-30T09:41:02.054Z","reviewerName":"Mason Pearson","reviewerEmail":"mason.pearson@x.dummyjson.com"},{"rating":3,"comment":"Not as described!","date":"2025-04-30T09:41:02.054Z","reviewerName":"Luke Cooper","reviewerEmail":"luke.cooper@x.dummyjson.com"},{"rating":4,"comment":"Excellent quality!","date":"2025-04-30T09:41:02.054Z","reviewerName":"William Lopez","reviewerEmail":"william.lopez@x.dummyjson.com"}]'::jsonb),
('prod-172', 'cat-men', 'Blue Women''s Handbag', 'blue-womens-handbag-172', 'The Blue Women''s Handbag is a stylish and spacious accessory for everyday use. With a vibrant blue color and multiple compartments, it combines fashion and functionality.', 'Fashionista', 49.99, 60.87, 76, ARRAY['S','M','L','XL']::TEXT[], ARRAY['Classic']::TEXT[], 2.92, 3, false, true, ARRAY['fashion accessories','handbags']::TEXT[], '[{"rating":3,"comment":"Waste of money!","date":"2025-04-30T09:41:02.054Z","reviewerName":"Grace Perry","reviewerEmail":"grace.perry@x.dummyjson.com"},{"rating":3,"comment":"Not worth the price!","date":"2025-04-30T09:41:02.054Z","reviewerName":"Evelyn Sanchez","reviewerEmail":"evelyn.sanchez@x.dummyjson.com"},{"rating":4,"comment":"Highly impressed!","date":"2025-04-30T09:41:02.054Z","reviewerName":"Eli Ward","reviewerEmail":"eli.ward@x.dummyjson.com"}]'::jsonb),
('prod-173', 'cat-men', 'Heshe Women''s Leather Bag', 'heshe-womens-leather-bag-173', 'The Heshe Women''s Leather Bag is a luxurious and high-quality leather bag for the sophisticated woman. With a timeless design and durable craftsmanship, it''s a versatile accessory.', 'Heshe', 129.99, 135.22, 99, ARRAY['S','M','L','XL']::TEXT[], ARRAY['Classic']::TEXT[], 4.92, 3, true, true, ARRAY['fashion accessories','leather bags']::TEXT[], '[{"rating":5,"comment":"Excellent quality!","date":"2025-04-30T09:41:02.054Z","reviewerName":"Hunter Gordon","reviewerEmail":"hunter.gordon@x.dummyjson.com"},{"rating":4,"comment":"Awesome product!","date":"2025-04-30T09:41:02.054Z","reviewerName":"Mason Parker","reviewerEmail":"mason.parker@x.dummyjson.com"},{"rating":4,"comment":"Awesome product!","date":"2025-04-30T09:41:02.054Z","reviewerName":"William Gonzalez","reviewerEmail":"william.gonzalez@x.dummyjson.com"}]'::jsonb),
('prod-174', 'cat-men', 'Prada Women Bag', 'prada-women-bag-174', 'The Prada Women Bag is an iconic designer bag that exudes elegance and luxury. Crafted with precision and featuring the Prada logo, it''s a statement piece for fashion enthusiasts.', 'Prada', 599.99, 698.39, 75, ARRAY['S','M','L','XL']::TEXT[], ARRAY['Classic']::TEXT[], 2.71, 3, false, true, ARRAY['fashion accessories','designer bags']::TEXT[], '[{"rating":2,"comment":"Would not buy again!","date":"2025-04-30T09:41:02.054Z","reviewerName":"Caleb Perkins","reviewerEmail":"caleb.perkins@x.dummyjson.com"},{"rating":4,"comment":"Great value for money!","date":"2025-04-30T09:41:02.054Z","reviewerName":"Carter Baker","reviewerEmail":"carter.baker@x.dummyjson.com"},{"rating":5,"comment":"Highly recommended!","date":"2025-04-30T09:41:02.054Z","reviewerName":"Lucas Ramirez","reviewerEmail":"lucas.ramirez@x.dummyjson.com"}]'::jsonb),
('prod-175', 'cat-men', 'White Faux Leather Backpack', 'white-faux-leather-backpack-175', 'The White Faux Leather Backpack is a trendy and practical backpack for the modern woman. With a sleek white design and ample storage space, it''s perfect for both casual and on-the-go styles.', 'Urban Chic', 39.99, 47.16, 39, ARRAY['S','M','L','XL']::TEXT[], ARRAY['Classic']::TEXT[], 3.36, 3, false, true, ARRAY['fashion accessories','backpacks']::TEXT[], '[{"rating":4,"comment":"Awesome product!","date":"2025-04-30T09:41:02.054Z","reviewerName":"Ava Harrison","reviewerEmail":"ava.harrison@x.dummyjson.com"},{"rating":1,"comment":"Not as described!","date":"2025-04-30T09:41:02.054Z","reviewerName":"Liam Garcia","reviewerEmail":"liam.garcia@x.dummyjson.com"},{"rating":5,"comment":"Great value for money!","date":"2025-04-30T09:41:02.054Z","reviewerName":"Cameron Perez","reviewerEmail":"cameron.perez@x.dummyjson.com"}]'::jsonb),
('prod-176', 'cat-men', 'Women Handbag Black', 'women-handbag-black-176', 'The Women Handbag in Black is a classic and versatile accessory that complements various outfits. With a timeless black color and functional design, it''s a must-have in every woman''s wardrobe.', 'Elegance Collection', 59.99, 67.89, 11, ARRAY['S','M','L','XL']::TEXT[], ARRAY['Classic']::TEXT[], 2.89, 3, false, true, ARRAY['fashion accessories','handbags']::TEXT[], '[{"rating":4,"comment":"Very pleased!","date":"2025-04-30T09:41:02.054Z","reviewerName":"Natalie Price","reviewerEmail":"natalie.price@x.dummyjson.com"},{"rating":5,"comment":"Great product!","date":"2025-04-30T09:41:02.054Z","reviewerName":"Emily Johnson","reviewerEmail":"emily.johnson@x.dummyjson.com"},{"rating":1,"comment":"Waste of money!","date":"2025-04-30T09:41:02.054Z","reviewerName":"Henry Hill","reviewerEmail":"henry.hill@x.dummyjson.com"}]'::jsonb),
('prod-177', 'cat-men', 'Black Women''s Gown', 'black-womens-gown-177', 'The Black Women''s Gown is an elegant and timeless evening gown. With a sleek black design, it''s perfect for formal events and special occasions, exuding sophistication and style.', 'Luxe', 129.99, 145.21, 25, ARRAY['S','M','L','XL']::TEXT[], ARRAY['Classic']::TEXT[], 3.64, 3, false, true, ARRAY['clothing','gowns']::TEXT[], '[{"rating":4,"comment":"Great value for money!","date":"2025-04-30T09:41:02.054Z","reviewerName":"Ethan Fletcher","reviewerEmail":"ethan.fletcher@x.dummyjson.com"},{"rating":3,"comment":"Very dissatisfied!","date":"2025-04-30T09:41:02.054Z","reviewerName":"Julian Newton","reviewerEmail":"julian.newton@x.dummyjson.com"},{"rating":5,"comment":"Very satisfied!","date":"2025-04-30T09:41:02.054Z","reviewerName":"Savannah Gomez","reviewerEmail":"savannah.gomez@x.dummyjson.com"}]'::jsonb),
('prod-178', 'cat-men', 'Corset Leather With Skirt', 'corset-leather-with-skirt-178', 'The Corset Leather With Skirt is a bold and edgy ensemble that combines a stylish corset with a matching skirt. Ideal for fashion-forward individuals, it makes a statement at any event.', 'Luxe', 89.99, 107.46, 30, ARRAY['S','M','L','XL']::TEXT[], ARRAY['Classic']::TEXT[], 3.05, 3, false, true, ARRAY['clothing','corsets','skirts']::TEXT[], '[{"rating":5,"comment":"Very happy with my purchase!","date":"2025-04-30T09:41:02.054Z","reviewerName":"Natalie Price","reviewerEmail":"natalie.price@x.dummyjson.com"},{"rating":4,"comment":"Highly recommended!","date":"2025-04-30T09:41:02.054Z","reviewerName":"Sophia Jones","reviewerEmail":"sophia.jones@x.dummyjson.com"},{"rating":4,"comment":"Highly recommended!","date":"2025-04-30T09:41:02.054Z","reviewerName":"Leo Rivera","reviewerEmail":"leo.rivera@x.dummyjson.com"}]'::jsonb),
('prod-179', 'cat-men', 'Corset With Black Skirt', 'corset-with-black-skirt-179', 'The Corset With Black Skirt is a chic and versatile outfit that pairs a fashionable corset with a classic black skirt. It offers a trendy and coordinated look for various occasions.', 'Luxe', 79.99, 94.17, 33, ARRAY['S','M','L','XL']::TEXT[], ARRAY['Classic']::TEXT[], 4.52, 3, true, true, ARRAY['clothing','corsets','skirts']::TEXT[], '[{"rating":5,"comment":"Very satisfied!","date":"2025-04-30T09:41:02.054Z","reviewerName":"Lucas Allen","reviewerEmail":"lucas.allen@x.dummyjson.com"},{"rating":2,"comment":"Disappointing product!","date":"2025-04-30T09:41:02.054Z","reviewerName":"Benjamin Wilson","reviewerEmail":"benjamin.wilson@x.dummyjson.com"},{"rating":5,"comment":"Very happy with my purchase!","date":"2025-04-30T09:41:02.054Z","reviewerName":"Elena Long","reviewerEmail":"elena.long@x.dummyjson.com"}]'::jsonb),
('prod-180', 'cat-men', 'Dress Pea', 'dress-pea-180', 'The Dress Pea is a stylish and comfortable dress with a pea pattern. Perfect for casual outings, it adds a playful and fun element to your wardrobe, making it a great choice for day-to-day wear.', 'Luxe', 49.99, 60.73, 6, ARRAY['S','M','L','XL']::TEXT[], ARRAY['Classic']::TEXT[], 4.88, 3, true, true, ARRAY['clothing','dresses']::TEXT[], '[{"rating":4,"comment":"Fast shipping!","date":"2025-04-30T09:41:02.054Z","reviewerName":"Harper Turner","reviewerEmail":"harper.turner@x.dummyjson.com"},{"rating":1,"comment":"Not worth the price!","date":"2025-04-30T09:41:02.054Z","reviewerName":"Luna Russell","reviewerEmail":"luna.russell@x.dummyjson.com"},{"rating":2,"comment":"Would not buy again!","date":"2025-04-30T09:41:02.054Z","reviewerName":"Michael Johnson","reviewerEmail":"michael.johnson@x.dummyjson.com"}]'::jsonb),
('prod-181', 'cat-men', 'Marni Red & Black Suit', 'marni-red-black-suit-181', 'The Marni Red & Black Suit is a sophisticated and fashion-forward suit ensemble. With a combination of red and black tones, it showcases a modern design for a bold and confident look.', 'Luxe', 179.99, 222.26, 62, ARRAY['S','M','L','XL']::TEXT[], ARRAY['Classic']::TEXT[], 4.48, 3, false, true, ARRAY['clothing','suits']::TEXT[], '[{"rating":5,"comment":"Fast shipping!","date":"2025-04-30T09:41:02.054Z","reviewerName":"Avery Perez","reviewerEmail":"avery.perez@x.dummyjson.com"},{"rating":3,"comment":"Very disappointed!","date":"2025-04-30T09:41:02.054Z","reviewerName":"Scarlett Wright","reviewerEmail":"scarlett.wright@x.dummyjson.com"},{"rating":4,"comment":"Highly impressed!","date":"2025-04-30T09:41:02.054Z","reviewerName":"Claire Foster","reviewerEmail":"claire.foster@x.dummyjson.com"}]'::jsonb),
('prod-182', 'cat-men', 'Green Crystal Earring', 'green-crystal-earring-182', 'The Green Crystal Earring is a dazzling accessory that features a vibrant green crystal. With a classic design, it adds a touch of elegance to your ensemble, perfect for formal or special occasions.', 'Luxe', 29.99, 35.38, 54, ARRAY['S','M','L','XL']::TEXT[], ARRAY['Classic']::TEXT[], 3.96, 3, false, true, ARRAY['fashion accessories','earrings']::TEXT[], '[{"rating":4,"comment":"Would buy again!","date":"2025-04-30T09:41:02.054Z","reviewerName":"Michael Williams","reviewerEmail":"michael.williams@x.dummyjson.com"},{"rating":5,"comment":"Great value for money!","date":"2025-04-30T09:41:02.054Z","reviewerName":"Samantha Howard","reviewerEmail":"samantha.howard@x.dummyjson.com"},{"rating":4,"comment":"Excellent quality!","date":"2025-04-30T09:41:02.054Z","reviewerName":"Xavier Wright","reviewerEmail":"xavier.wright@x.dummyjson.com"}]'::jsonb),
('prod-183', 'cat-men', 'Green Oval Earring', 'green-oval-earring-183', 'The Green Oval Earring is a stylish and versatile accessory with a unique oval shape. Whether for casual or dressy occasions, its green hue and contemporary design make it a standout piece.', 'Luxe', 24.99, 29.46, 73, ARRAY['S','M','L','XL']::TEXT[], ARRAY['Classic']::TEXT[], 3.57, 3, false, true, ARRAY['fashion accessories','earrings']::TEXT[], '[{"rating":3,"comment":"Would not buy again!","date":"2025-04-30T09:41:02.054Z","reviewerName":"Elena Long","reviewerEmail":"elena.long@x.dummyjson.com"},{"rating":5,"comment":"Very satisfied!","date":"2025-04-30T09:41:02.054Z","reviewerName":"Layla Sullivan","reviewerEmail":"layla.sullivan@x.dummyjson.com"},{"rating":4,"comment":"Would buy again!","date":"2025-04-30T09:41:02.054Z","reviewerName":"Xavier Wright","reviewerEmail":"xavier.wright@x.dummyjson.com"}]'::jsonb),
('prod-184', 'cat-men', 'Tropical Earring', 'tropical-earring-184', 'The Tropical Earring is a fun and playful accessory inspired by tropical elements. Featuring vibrant colors and a lively design, it''s perfect for adding a touch of summer to your look.', 'Luxe', 19.99, 20.14, 1, ARRAY['S','M','L','XL']::TEXT[], ARRAY['Classic']::TEXT[], 4.4, 3, false, true, ARRAY['fashion accessories','earrings']::TEXT[], '[{"rating":5,"comment":"Great product!","date":"2025-04-30T09:41:02.054Z","reviewerName":"Alexander Jones","reviewerEmail":"alexander.jones@x.dummyjson.com"},{"rating":4,"comment":"Awesome product!","date":"2025-04-30T09:41:02.054Z","reviewerName":"Eli Ward","reviewerEmail":"eli.ward@x.dummyjson.com"},{"rating":1,"comment":"Very unhappy with my purchase!","date":"2025-04-30T09:41:02.054Z","reviewerName":"Carter Rivera","reviewerEmail":"carter.rivera@x.dummyjson.com"}]'::jsonb),
('prod-185', 'cat-shoes', 'Black & Brown Slipper', 'black-brown-slipper-185', 'The Black & Brown Slipper is a comfortable and stylish choice for casual wear. Featuring a blend of black and brown colors, it adds a touch of sophistication to your relaxation.', 'Comfort Trends', 19.99, 20.68, 3, ARRAY['7','8','9','10','11','12']::TEXT[], ARRAY['Classic']::TEXT[], 2.53, 3, false, true, ARRAY['footwear','slippers']::TEXT[], '[{"rating":5,"comment":"Highly impressed!","date":"2025-04-30T09:41:02.054Z","reviewerName":"Isaac Lawrence","reviewerEmail":"isaac.lawrence@x.dummyjson.com"},{"rating":2,"comment":"Not worth the price!","date":"2025-04-30T09:41:02.054Z","reviewerName":"William Gonzalez","reviewerEmail":"william.gonzalez@x.dummyjson.com"},{"rating":4,"comment":"Very happy with my purchase!","date":"2025-04-30T09:41:02.054Z","reviewerName":"Sophia Jones","reviewerEmail":"sophia.jones@x.dummyjson.com"}]'::jsonb),
('prod-186', 'cat-shoes', 'Calvin Klein Heel Shoes', 'calvin-klein-heel-shoes-186', 'Calvin Klein Heel Shoes are elegant and sophisticated, designed for formal occasions. With a classic design and high-quality materials, they complement your stylish ensemble.', 'Calvin Klein', 79.99, 82.63, 93, ARRAY['7','8','9','10','11','12']::TEXT[], ARRAY['Classic']::TEXT[], 4.92, 3, true, true, ARRAY['footwear','heel shoes']::TEXT[], '[{"rating":5,"comment":"Great value for money!","date":"2025-04-30T09:41:02.054Z","reviewerName":"Maya Reed","reviewerEmail":"maya.reed@x.dummyjson.com"},{"rating":5,"comment":"Great value for money!","date":"2025-04-30T09:41:02.054Z","reviewerName":"Grace Perry","reviewerEmail":"grace.perry@x.dummyjson.com"},{"rating":1,"comment":"Not as described!","date":"2025-04-30T09:41:02.054Z","reviewerName":"Eleanor Collins","reviewerEmail":"eleanor.collins@x.dummyjson.com"}]'::jsonb),
('prod-187', 'cat-shoes', 'Golden Shoes Woman', 'golden-shoes-woman-187', 'The Golden Shoes for Women are a glamorous choice for special occasions. Featuring a golden hue and stylish design, they add a touch of luxury to your outfit.', 'Fashion Diva', 49.99, 58.08, 88, ARRAY['7','8','9','10','11','12']::TEXT[], ARRAY['Classic']::TEXT[], 3.26, 3, false, true, ARRAY['footwear','women''s shoes']::TEXT[], '[{"rating":4,"comment":"Excellent quality!","date":"2025-04-30T09:41:02.054Z","reviewerName":"Nolan Gonzalez","reviewerEmail":"nolan.gonzalez@x.dummyjson.com"},{"rating":5,"comment":"Very pleased!","date":"2025-04-30T09:41:02.054Z","reviewerName":"Brayden Fleming","reviewerEmail":"brayden.fleming@x.dummyjson.com"},{"rating":4,"comment":"Very pleased!","date":"2025-04-30T09:41:02.054Z","reviewerName":"Eleanor Tyler","reviewerEmail":"eleanor.tyler@x.dummyjson.com"}]'::jsonb),
('prod-188', 'cat-shoes', 'Pampi Shoes', 'pampi-shoes-188', 'Pampi Shoes offer a blend of comfort and style for everyday use. With a versatile design, they are suitable for various casual occasions, providing a trendy and relaxed look.', 'Pampi', 29.99, 34.93, 49, ARRAY['7','8','9','10','11','12']::TEXT[], ARRAY['Classic']::TEXT[], 3.05, 3, false, true, ARRAY['footwear','casual shoes']::TEXT[], '[{"rating":4,"comment":"Highly recommended!","date":"2025-04-30T09:41:02.054Z","reviewerName":"Nathan Reed","reviewerEmail":"nathan.reed@x.dummyjson.com"},{"rating":4,"comment":"Would buy again!","date":"2025-04-30T09:41:02.054Z","reviewerName":"Connor Baker","reviewerEmail":"connor.baker@x.dummyjson.com"},{"rating":5,"comment":"Awesome product!","date":"2025-04-30T09:41:02.054Z","reviewerName":"Noah Lewis","reviewerEmail":"noah.lewis@x.dummyjson.com"}]'::jsonb),
('prod-189', 'cat-shoes', 'Red Shoes', 'red-shoes-189', 'The Red Shoes make a bold statement with their vibrant red color. Whether for a party or a casual outing, these shoes add a pop of color and style to your wardrobe.', 'Fashion Express', 34.99, 42.51, 7, ARRAY['7','8','9','10','11','12']::TEXT[], ARRAY['Classic']::TEXT[], 3.25, 3, false, true, ARRAY['footwear','women''s shoes']::TEXT[], '[{"rating":5,"comment":"Fast shipping!","date":"2025-04-30T09:41:02.054Z","reviewerName":"Isabella Anderson","reviewerEmail":"isabella.anderson@x.dummyjson.com"},{"rating":4,"comment":"Awesome product!","date":"2025-04-30T09:41:02.054Z","reviewerName":"Luna Perez","reviewerEmail":"luna.perez@x.dummyjson.com"},{"rating":5,"comment":"Highly impressed!","date":"2025-04-30T09:41:02.054Z","reviewerName":"Savannah Gomez","reviewerEmail":"savannah.gomez@x.dummyjson.com"}]'::jsonb),
('prod-190', 'cat-men', 'IWC Ingenieur Automatic Steel', 'iwc-ingenieur-automatic-steel-190', 'The IWC Ingenieur Automatic Steel watch is a durable and sophisticated timepiece. With a stainless steel case and automatic movement, it combines precision and style for watch enthusiasts.', 'IWC', 4999.99, 5521.8, 90, ARRAY['S','M','L','XL']::TEXT[], ARRAY['Classic']::TEXT[], 2.93, 3, false, true, ARRAY['watches','luxury watches']::TEXT[], '[{"rating":3,"comment":"Disappointing product!","date":"2025-04-30T09:41:02.054Z","reviewerName":"Gabriel Adams","reviewerEmail":"gabriel.adams@x.dummyjson.com"},{"rating":5,"comment":"Great value for money!","date":"2025-04-30T09:41:02.054Z","reviewerName":"Evan Reed","reviewerEmail":"evan.reed@x.dummyjson.com"},{"rating":3,"comment":"Would not buy again!","date":"2025-04-30T09:41:02.054Z","reviewerName":"Clara Berry","reviewerEmail":"clara.berry@x.dummyjson.com"}]'::jsonb),
('prod-191', 'cat-men', 'Rolex Cellini Moonphase', 'rolex-cellini-moonphase-191', 'The Rolex Cellini Moonphase watch is a masterpiece of horology. Featuring a moon phase complication, it showcases the craftsmanship and elegance that Rolex is renowned for.', 'Rolex', 15999.99, 16685.78, 52, ARRAY['S','M','L','XL']::TEXT[], ARRAY['Classic']::TEXT[], 3.83, 3, false, true, ARRAY['watches','luxury watches']::TEXT[], '[{"rating":4,"comment":"Very happy with my purchase!","date":"2025-04-30T09:41:02.054Z","reviewerName":"Gabriel Hayes","reviewerEmail":"gabriel.hayes@x.dummyjson.com"},{"rating":5,"comment":"Fast shipping!","date":"2025-04-30T09:41:02.054Z","reviewerName":"Logan Torres","reviewerEmail":"logan.torres@x.dummyjson.com"},{"rating":1,"comment":"Disappointing product!","date":"2025-04-30T09:41:02.054Z","reviewerName":"Isabella Jackson","reviewerEmail":"isabella.jackson@x.dummyjson.com"}]'::jsonb),
('prod-192', 'cat-men', 'Rolex Datejust Women', 'rolex-datejust-women-192', 'The Rolex Datejust Women''s watch is an iconic timepiece designed for women. With a timeless design and a date complication, it offers both elegance and functionality.', 'Rolex', 10999.99, 13085.88, 4, ARRAY['S','M','L','XL']::TEXT[], ARRAY['Classic']::TEXT[], 2.86, 3, false, true, ARRAY['watches','luxury watches','women''s watches']::TEXT[], '[{"rating":3,"comment":"Not as described!","date":"2025-04-30T09:41:02.054Z","reviewerName":"Benjamin Wilson","reviewerEmail":"benjamin.wilson@x.dummyjson.com"},{"rating":5,"comment":"Highly impressed!","date":"2025-04-30T09:41:02.054Z","reviewerName":"Madison Collins","reviewerEmail":"madison.collins@x.dummyjson.com"},{"rating":4,"comment":"Very satisfied!","date":"2025-04-30T09:41:02.054Z","reviewerName":"Lucas Gray","reviewerEmail":"lucas.gray@x.dummyjson.com"}]'::jsonb),
('prod-193', 'cat-men', 'Watch Gold for Women', 'watch-gold-for-women-193', 'The Gold Women''s Watch is a stunning accessory that combines luxury and style. Featuring a gold-plated case and a chic design, it adds a touch of glamour to any outfit.', 'Fashion Gold', 799.99, 979.66, 0, ARRAY['S','M','L','XL']::TEXT[], ARRAY['Classic']::TEXT[], 4.24, 3, false, true, ARRAY['watches','women''s watches']::TEXT[], '[{"rating":4,"comment":"Highly impressed!","date":"2025-04-30T09:41:02.054Z","reviewerName":"Elena Baker","reviewerEmail":"elena.baker@x.dummyjson.com"},{"rating":4,"comment":"Would buy again!","date":"2025-04-30T09:41:02.054Z","reviewerName":"Avery Barnes","reviewerEmail":"avery.barnes@x.dummyjson.com"},{"rating":5,"comment":"Great product!","date":"2025-04-30T09:41:02.054Z","reviewerName":"Evelyn Sanchez","reviewerEmail":"evelyn.sanchez@x.dummyjson.com"}]'::jsonb),
('prod-194', 'cat-men', 'Women''s Wrist Watch', 'womens-wrist-watch-194', 'The Women''s Wrist Watch is a versatile and fashionable timepiece for everyday wear. With a comfortable strap and a simple yet elegant design, it complements various styles.', 'Fashion Co.', 129.99, 148.73, 12, ARRAY['S','M','L','XL']::TEXT[], ARRAY['Classic']::TEXT[], 3.52, 3, false, true, ARRAY['watches','women''s watches']::TEXT[], '[{"rating":4,"comment":"Very happy with my purchase!","date":"2025-04-30T09:41:02.054Z","reviewerName":"Harper Kelly","reviewerEmail":"harper.kelly@x.dummyjson.com"},{"rating":5,"comment":"Highly recommended!","date":"2025-04-30T09:41:02.054Z","reviewerName":"Gabriel Bailey","reviewerEmail":"gabriel.bailey@x.dummyjson.com"},{"rating":5,"comment":"Fast shipping!","date":"2025-04-30T09:41:02.054Z","reviewerName":"Natalie Price","reviewerEmail":"natalie.price@x.dummyjson.com"}]'::jsonb);

-- 3. Insert Product Images
INSERT INTO product_images (product_id, url, sort_order, is_primary) VALUES
('prod-1', 'https://cdn.dummyjson.com/product-images/beauty/essence-mascara-lash-princess/1.webp', 0, true),
('prod-2', 'https://cdn.dummyjson.com/product-images/beauty/eyeshadow-palette-with-mirror/1.webp', 0, true),
('prod-3', 'https://cdn.dummyjson.com/product-images/beauty/powder-canister/1.webp', 0, true),
('prod-4', 'https://cdn.dummyjson.com/product-images/beauty/red-lipstick/1.webp', 0, true),
('prod-5', 'https://cdn.dummyjson.com/product-images/beauty/red-nail-polish/1.webp', 0, true),
('prod-6', 'https://cdn.dummyjson.com/product-images/fragrances/calvin-klein-ck-one/1.webp', 0, true),
('prod-6', 'https://cdn.dummyjson.com/product-images/fragrances/calvin-klein-ck-one/2.webp', 1, false),
('prod-6', 'https://cdn.dummyjson.com/product-images/fragrances/calvin-klein-ck-one/3.webp', 2, false),
('prod-7', 'https://cdn.dummyjson.com/product-images/fragrances/chanel-coco-noir-eau-de/1.webp', 0, true),
('prod-7', 'https://cdn.dummyjson.com/product-images/fragrances/chanel-coco-noir-eau-de/2.webp', 1, false),
('prod-7', 'https://cdn.dummyjson.com/product-images/fragrances/chanel-coco-noir-eau-de/3.webp', 2, false),
('prod-8', 'https://cdn.dummyjson.com/product-images/fragrances/dior-j''adore/1.webp', 0, true),
('prod-8', 'https://cdn.dummyjson.com/product-images/fragrances/dior-j''adore/2.webp', 1, false),
('prod-8', 'https://cdn.dummyjson.com/product-images/fragrances/dior-j''adore/3.webp', 2, false),
('prod-9', 'https://cdn.dummyjson.com/product-images/fragrances/dolce-shine-eau-de/1.webp', 0, true),
('prod-9', 'https://cdn.dummyjson.com/product-images/fragrances/dolce-shine-eau-de/2.webp', 1, false),
('prod-9', 'https://cdn.dummyjson.com/product-images/fragrances/dolce-shine-eau-de/3.webp', 2, false),
('prod-10', 'https://cdn.dummyjson.com/product-images/fragrances/gucci-bloom-eau-de/1.webp', 0, true),
('prod-10', 'https://cdn.dummyjson.com/product-images/fragrances/gucci-bloom-eau-de/2.webp', 1, false),
('prod-10', 'https://cdn.dummyjson.com/product-images/fragrances/gucci-bloom-eau-de/3.webp', 2, false),
('prod-48', 'https://cdn.dummyjson.com/product-images/kitchen-accessories/bamboo-spatula/1.webp', 0, true),
('prod-49', 'https://cdn.dummyjson.com/product-images/kitchen-accessories/black-aluminium-cup/1.webp', 0, true),
('prod-49', 'https://cdn.dummyjson.com/product-images/kitchen-accessories/black-aluminium-cup/2.webp', 1, false),
('prod-50', 'https://cdn.dummyjson.com/product-images/kitchen-accessories/black-whisk/1.webp', 0, true),
('prod-51', 'https://cdn.dummyjson.com/product-images/kitchen-accessories/boxed-blender/1.webp', 0, true),
('prod-51', 'https://cdn.dummyjson.com/product-images/kitchen-accessories/boxed-blender/2.webp', 1, false),
('prod-51', 'https://cdn.dummyjson.com/product-images/kitchen-accessories/boxed-blender/3.webp', 2, false),
('prod-51', 'https://cdn.dummyjson.com/product-images/kitchen-accessories/boxed-blender/4.webp', 3, false),
('prod-52', 'https://cdn.dummyjson.com/product-images/kitchen-accessories/carbon-steel-wok/1.webp', 0, true),
('prod-53', 'https://cdn.dummyjson.com/product-images/kitchen-accessories/chopping-board/1.webp', 0, true),
('prod-54', 'https://cdn.dummyjson.com/product-images/kitchen-accessories/citrus-squeezer-yellow/1.webp', 0, true),
('prod-55', 'https://cdn.dummyjson.com/product-images/kitchen-accessories/egg-slicer/1.webp', 0, true),
('prod-56', 'https://cdn.dummyjson.com/product-images/kitchen-accessories/electric-stove/1.webp', 0, true),
('prod-56', 'https://cdn.dummyjson.com/product-images/kitchen-accessories/electric-stove/2.webp', 1, false),
('prod-56', 'https://cdn.dummyjson.com/product-images/kitchen-accessories/electric-stove/3.webp', 2, false),
('prod-56', 'https://cdn.dummyjson.com/product-images/kitchen-accessories/electric-stove/4.webp', 3, false),
('prod-57', 'https://cdn.dummyjson.com/product-images/kitchen-accessories/fine-mesh-strainer/1.webp', 0, true),
('prod-58', 'https://cdn.dummyjson.com/product-images/kitchen-accessories/fork/1.webp', 0, true),
('prod-59', 'https://cdn.dummyjson.com/product-images/kitchen-accessories/glass/1.webp', 0, true),
('prod-60', 'https://cdn.dummyjson.com/product-images/kitchen-accessories/grater-black/1.webp', 0, true),
('prod-61', 'https://cdn.dummyjson.com/product-images/kitchen-accessories/hand-blender/1.webp', 0, true),
('prod-62', 'https://cdn.dummyjson.com/product-images/kitchen-accessories/ice-cube-tray/1.webp', 0, true),
('prod-63', 'https://cdn.dummyjson.com/product-images/kitchen-accessories/kitchen-sieve/1.webp', 0, true),
('prod-64', 'https://cdn.dummyjson.com/product-images/kitchen-accessories/knife/1.webp', 0, true),
('prod-65', 'https://cdn.dummyjson.com/product-images/kitchen-accessories/lunch-box/1.webp', 0, true),
('prod-66', 'https://cdn.dummyjson.com/product-images/kitchen-accessories/microwave-oven/1.webp', 0, true),
('prod-66', 'https://cdn.dummyjson.com/product-images/kitchen-accessories/microwave-oven/2.webp', 1, false),
('prod-66', 'https://cdn.dummyjson.com/product-images/kitchen-accessories/microwave-oven/3.webp', 2, false),
('prod-66', 'https://cdn.dummyjson.com/product-images/kitchen-accessories/microwave-oven/4.webp', 3, false),
('prod-67', 'https://cdn.dummyjson.com/product-images/kitchen-accessories/mug-tree-stand/1.webp', 0, true),
('prod-67', 'https://cdn.dummyjson.com/product-images/kitchen-accessories/mug-tree-stand/2.webp', 1, false),
('prod-68', 'https://cdn.dummyjson.com/product-images/kitchen-accessories/pan/1.webp', 0, true),
('prod-69', 'https://cdn.dummyjson.com/product-images/kitchen-accessories/plate/1.webp', 0, true),
('prod-70', 'https://cdn.dummyjson.com/product-images/kitchen-accessories/red-tongs/1.webp', 0, true),
('prod-71', 'https://cdn.dummyjson.com/product-images/kitchen-accessories/silver-pot-with-glass-cap/1.webp', 0, true),
('prod-72', 'https://cdn.dummyjson.com/product-images/kitchen-accessories/slotted-turner/1.webp', 0, true),
('prod-73', 'https://cdn.dummyjson.com/product-images/kitchen-accessories/spice-rack/1.webp', 0, true),
('prod-74', 'https://cdn.dummyjson.com/product-images/kitchen-accessories/spoon/1.webp', 0, true),
('prod-75', 'https://cdn.dummyjson.com/product-images/kitchen-accessories/tray/1.webp', 0, true),
('prod-76', 'https://cdn.dummyjson.com/product-images/kitchen-accessories/wooden-rolling-pin/1.webp', 0, true),
('prod-77', 'https://cdn.dummyjson.com/product-images/kitchen-accessories/yellow-peeler/1.webp', 0, true),
('prod-78', 'https://cdn.dummyjson.com/product-images/laptops/apple-macbook-pro-14-inch-space-grey/1.webp', 0, true),
('prod-78', 'https://cdn.dummyjson.com/product-images/laptops/apple-macbook-pro-14-inch-space-grey/2.webp', 1, false),
('prod-78', 'https://cdn.dummyjson.com/product-images/laptops/apple-macbook-pro-14-inch-space-grey/3.webp', 2, false),
('prod-79', 'https://cdn.dummyjson.com/product-images/laptops/asus-zenbook-pro-dual-screen-laptop/1.webp', 0, true),
('prod-79', 'https://cdn.dummyjson.com/product-images/laptops/asus-zenbook-pro-dual-screen-laptop/2.webp', 1, false),
('prod-79', 'https://cdn.dummyjson.com/product-images/laptops/asus-zenbook-pro-dual-screen-laptop/3.webp', 2, false),
('prod-80', 'https://cdn.dummyjson.com/product-images/laptops/huawei-matebook-x-pro/1.webp', 0, true),
('prod-80', 'https://cdn.dummyjson.com/product-images/laptops/huawei-matebook-x-pro/2.webp', 1, false),
('prod-80', 'https://cdn.dummyjson.com/product-images/laptops/huawei-matebook-x-pro/3.webp', 2, false),
('prod-81', 'https://cdn.dummyjson.com/product-images/laptops/lenovo-yoga-920/1.webp', 0, true),
('prod-81', 'https://cdn.dummyjson.com/product-images/laptops/lenovo-yoga-920/2.webp', 1, false),
('prod-81', 'https://cdn.dummyjson.com/product-images/laptops/lenovo-yoga-920/3.webp', 2, false),
('prod-82', 'https://cdn.dummyjson.com/product-images/laptops/new-dell-xps-13-9300-laptop/1.webp', 0, true),
('prod-82', 'https://cdn.dummyjson.com/product-images/laptops/new-dell-xps-13-9300-laptop/2.webp', 1, false),
('prod-82', 'https://cdn.dummyjson.com/product-images/laptops/new-dell-xps-13-9300-laptop/3.webp', 2, false),
('prod-83', 'https://cdn.dummyjson.com/product-images/mens-shirts/blue-&-black-check-shirt/1.webp', 0, true),
('prod-83', 'https://cdn.dummyjson.com/product-images/mens-shirts/blue-&-black-check-shirt/2.webp', 1, false),
('prod-83', 'https://cdn.dummyjson.com/product-images/mens-shirts/blue-&-black-check-shirt/3.webp', 2, false),
('prod-83', 'https://cdn.dummyjson.com/product-images/mens-shirts/blue-&-black-check-shirt/4.webp', 3, false),
('prod-84', 'https://cdn.dummyjson.com/product-images/mens-shirts/gigabyte-aorus-men-tshirt/1.webp', 0, true),
('prod-84', 'https://cdn.dummyjson.com/product-images/mens-shirts/gigabyte-aorus-men-tshirt/2.webp', 1, false),
('prod-84', 'https://cdn.dummyjson.com/product-images/mens-shirts/gigabyte-aorus-men-tshirt/3.webp', 2, false),
('prod-84', 'https://cdn.dummyjson.com/product-images/mens-shirts/gigabyte-aorus-men-tshirt/4.webp', 3, false),
('prod-85', 'https://cdn.dummyjson.com/product-images/mens-shirts/man-plaid-shirt/1.webp', 0, true),
('prod-85', 'https://cdn.dummyjson.com/product-images/mens-shirts/man-plaid-shirt/2.webp', 1, false),
('prod-85', 'https://cdn.dummyjson.com/product-images/mens-shirts/man-plaid-shirt/3.webp', 2, false),
('prod-85', 'https://cdn.dummyjson.com/product-images/mens-shirts/man-plaid-shirt/4.webp', 3, false),
('prod-86', 'https://cdn.dummyjson.com/product-images/mens-shirts/man-short-sleeve-shirt/1.webp', 0, true),
('prod-86', 'https://cdn.dummyjson.com/product-images/mens-shirts/man-short-sleeve-shirt/2.webp', 1, false),
('prod-86', 'https://cdn.dummyjson.com/product-images/mens-shirts/man-short-sleeve-shirt/3.webp', 2, false),
('prod-86', 'https://cdn.dummyjson.com/product-images/mens-shirts/man-short-sleeve-shirt/4.webp', 3, false),
('prod-87', 'https://cdn.dummyjson.com/product-images/mens-shirts/men-check-shirt/1.webp', 0, true),
('prod-87', 'https://cdn.dummyjson.com/product-images/mens-shirts/men-check-shirt/2.webp', 1, false),
('prod-87', 'https://cdn.dummyjson.com/product-images/mens-shirts/men-check-shirt/3.webp', 2, false),
('prod-87', 'https://cdn.dummyjson.com/product-images/mens-shirts/men-check-shirt/4.webp', 3, false),
('prod-88', 'https://cdn.dummyjson.com/product-images/mens-shoes/nike-air-jordan-1-red-and-black/1.webp', 0, true),
('prod-88', 'https://cdn.dummyjson.com/product-images/mens-shoes/nike-air-jordan-1-red-and-black/2.webp', 1, false),
('prod-88', 'https://cdn.dummyjson.com/product-images/mens-shoes/nike-air-jordan-1-red-and-black/3.webp', 2, false),
('prod-88', 'https://cdn.dummyjson.com/product-images/mens-shoes/nike-air-jordan-1-red-and-black/4.webp', 3, false),
('prod-89', 'https://cdn.dummyjson.com/product-images/mens-shoes/nike-baseball-cleats/1.webp', 0, true),
('prod-89', 'https://cdn.dummyjson.com/product-images/mens-shoes/nike-baseball-cleats/2.webp', 1, false),
('prod-89', 'https://cdn.dummyjson.com/product-images/mens-shoes/nike-baseball-cleats/3.webp', 2, false),
('prod-89', 'https://cdn.dummyjson.com/product-images/mens-shoes/nike-baseball-cleats/4.webp', 3, false),
('prod-90', 'https://cdn.dummyjson.com/product-images/mens-shoes/puma-future-rider-trainers/1.webp', 0, true),
('prod-90', 'https://cdn.dummyjson.com/product-images/mens-shoes/puma-future-rider-trainers/2.webp', 1, false),
('prod-90', 'https://cdn.dummyjson.com/product-images/mens-shoes/puma-future-rider-trainers/3.webp', 2, false),
('prod-90', 'https://cdn.dummyjson.com/product-images/mens-shoes/puma-future-rider-trainers/4.webp', 3, false),
('prod-91', 'https://cdn.dummyjson.com/product-images/mens-shoes/sports-sneakers-off-white-&-red/1.webp', 0, true),
('prod-91', 'https://cdn.dummyjson.com/product-images/mens-shoes/sports-sneakers-off-white-&-red/2.webp', 1, false),
('prod-91', 'https://cdn.dummyjson.com/product-images/mens-shoes/sports-sneakers-off-white-&-red/3.webp', 2, false),
('prod-91', 'https://cdn.dummyjson.com/product-images/mens-shoes/sports-sneakers-off-white-&-red/4.webp', 3, false),
('prod-92', 'https://cdn.dummyjson.com/product-images/mens-shoes/sports-sneakers-off-white-red/1.webp', 0, true),
('prod-92', 'https://cdn.dummyjson.com/product-images/mens-shoes/sports-sneakers-off-white-red/2.webp', 1, false),
('prod-92', 'https://cdn.dummyjson.com/product-images/mens-shoes/sports-sneakers-off-white-red/3.webp', 2, false),
('prod-92', 'https://cdn.dummyjson.com/product-images/mens-shoes/sports-sneakers-off-white-red/4.webp', 3, false),
('prod-93', 'https://cdn.dummyjson.com/product-images/mens-watches/brown-leather-belt-watch/1.webp', 0, true),
('prod-93', 'https://cdn.dummyjson.com/product-images/mens-watches/brown-leather-belt-watch/2.webp', 1, false),
('prod-93', 'https://cdn.dummyjson.com/product-images/mens-watches/brown-leather-belt-watch/3.webp', 2, false),
('prod-94', 'https://cdn.dummyjson.com/product-images/mens-watches/longines-master-collection/1.webp', 0, true),
('prod-94', 'https://cdn.dummyjson.com/product-images/mens-watches/longines-master-collection/2.webp', 1, false),
('prod-94', 'https://cdn.dummyjson.com/product-images/mens-watches/longines-master-collection/3.webp', 2, false),
('prod-95', 'https://cdn.dummyjson.com/product-images/mens-watches/rolex-cellini-date-black-dial/1.webp', 0, true),
('prod-95', 'https://cdn.dummyjson.com/product-images/mens-watches/rolex-cellini-date-black-dial/2.webp', 1, false),
('prod-95', 'https://cdn.dummyjson.com/product-images/mens-watches/rolex-cellini-date-black-dial/3.webp', 2, false),
('prod-96', 'https://cdn.dummyjson.com/product-images/mens-watches/rolex-cellini-moonphase/1.webp', 0, true),
('prod-96', 'https://cdn.dummyjson.com/product-images/mens-watches/rolex-cellini-moonphase/2.webp', 1, false),
('prod-96', 'https://cdn.dummyjson.com/product-images/mens-watches/rolex-cellini-moonphase/3.webp', 2, false),
('prod-97', 'https://cdn.dummyjson.com/product-images/mens-watches/rolex-datejust/1.webp', 0, true),
('prod-97', 'https://cdn.dummyjson.com/product-images/mens-watches/rolex-datejust/2.webp', 1, false),
('prod-97', 'https://cdn.dummyjson.com/product-images/mens-watches/rolex-datejust/3.webp', 2, false),
('prod-98', 'https://cdn.dummyjson.com/product-images/mens-watches/rolex-submariner-watch/1.webp', 0, true),
('prod-98', 'https://cdn.dummyjson.com/product-images/mens-watches/rolex-submariner-watch/2.webp', 1, false),
('prod-98', 'https://cdn.dummyjson.com/product-images/mens-watches/rolex-submariner-watch/3.webp', 2, false),
('prod-99', 'https://cdn.dummyjson.com/product-images/mobile-accessories/amazon-echo-plus/1.webp', 0, true),
('prod-99', 'https://cdn.dummyjson.com/product-images/mobile-accessories/amazon-echo-plus/2.webp', 1, false),
('prod-100', 'https://cdn.dummyjson.com/product-images/mobile-accessories/apple-airpods/1.webp', 0, true),
('prod-100', 'https://cdn.dummyjson.com/product-images/mobile-accessories/apple-airpods/2.webp', 1, false),
('prod-100', 'https://cdn.dummyjson.com/product-images/mobile-accessories/apple-airpods/3.webp', 2, false),
('prod-101', 'https://cdn.dummyjson.com/product-images/mobile-accessories/apple-airpods-max-silver/1.webp', 0, true),
('prod-102', 'https://cdn.dummyjson.com/product-images/mobile-accessories/apple-airpower-wireless-charger/1.webp', 0, true),
('prod-103', 'https://cdn.dummyjson.com/product-images/mobile-accessories/apple-homepod-mini-cosmic-grey/1.webp', 0, true),
('prod-104', 'https://cdn.dummyjson.com/product-images/mobile-accessories/apple-iphone-charger/1.webp', 0, true),
('prod-104', 'https://cdn.dummyjson.com/product-images/mobile-accessories/apple-iphone-charger/2.webp', 1, false),
('prod-105', 'https://cdn.dummyjson.com/product-images/mobile-accessories/apple-magsafe-battery-pack/1.webp', 0, true),
('prod-105', 'https://cdn.dummyjson.com/product-images/mobile-accessories/apple-magsafe-battery-pack/2.webp', 1, false),
('prod-106', 'https://cdn.dummyjson.com/product-images/mobile-accessories/apple-watch-series-4-gold/1.webp', 0, true),
('prod-106', 'https://cdn.dummyjson.com/product-images/mobile-accessories/apple-watch-series-4-gold/2.webp', 1, false),
('prod-106', 'https://cdn.dummyjson.com/product-images/mobile-accessories/apple-watch-series-4-gold/3.webp', 2, false),
('prod-107', 'https://cdn.dummyjson.com/product-images/mobile-accessories/beats-flex-wireless-earphones/1.webp', 0, true),
('prod-108', 'https://cdn.dummyjson.com/product-images/mobile-accessories/iphone-12-silicone-case-with-magsafe-plum/1.webp', 0, true),
('prod-108', 'https://cdn.dummyjson.com/product-images/mobile-accessories/iphone-12-silicone-case-with-magsafe-plum/2.webp', 1, false),
('prod-108', 'https://cdn.dummyjson.com/product-images/mobile-accessories/iphone-12-silicone-case-with-magsafe-plum/3.webp', 2, false),
('prod-108', 'https://cdn.dummyjson.com/product-images/mobile-accessories/iphone-12-silicone-case-with-magsafe-plum/4.webp', 3, false),
('prod-109', 'https://cdn.dummyjson.com/product-images/mobile-accessories/monopod/1.webp', 0, true),
('prod-109', 'https://cdn.dummyjson.com/product-images/mobile-accessories/monopod/2.webp', 1, false),
('prod-110', 'https://cdn.dummyjson.com/product-images/mobile-accessories/selfie-lamp-with-iphone/1.webp', 0, true),
('prod-111', 'https://cdn.dummyjson.com/product-images/mobile-accessories/selfie-stick-monopod/1.webp', 0, true),
('prod-112', 'https://cdn.dummyjson.com/product-images/mobile-accessories/tv-studio-camera-pedestal/1.webp', 0, true),
('prod-118', 'https://cdn.dummyjson.com/product-images/skin-care/attitude-super-leaves-hand-soap/1.webp', 0, true),
('prod-118', 'https://cdn.dummyjson.com/product-images/skin-care/attitude-super-leaves-hand-soap/2.webp', 1, false),
('prod-118', 'https://cdn.dummyjson.com/product-images/skin-care/attitude-super-leaves-hand-soap/3.webp', 2, false),
('prod-119', 'https://cdn.dummyjson.com/product-images/skin-care/olay-ultra-moisture-shea-butter-body-wash/1.webp', 0, true),
('prod-119', 'https://cdn.dummyjson.com/product-images/skin-care/olay-ultra-moisture-shea-butter-body-wash/2.webp', 1, false),
('prod-119', 'https://cdn.dummyjson.com/product-images/skin-care/olay-ultra-moisture-shea-butter-body-wash/3.webp', 2, false),
('prod-120', 'https://cdn.dummyjson.com/product-images/skin-care/vaseline-men-body-and-face-lotion/1.webp', 0, true),
('prod-120', 'https://cdn.dummyjson.com/product-images/skin-care/vaseline-men-body-and-face-lotion/2.webp', 1, false),
('prod-120', 'https://cdn.dummyjson.com/product-images/skin-care/vaseline-men-body-and-face-lotion/3.webp', 2, false),
('prod-137', 'https://cdn.dummyjson.com/product-images/sports-accessories/american-football/1.webp', 0, true),
('prod-138', 'https://cdn.dummyjson.com/product-images/sports-accessories/baseball-ball/1.webp', 0, true),
('prod-139', 'https://cdn.dummyjson.com/product-images/sports-accessories/baseball-glove/1.webp', 0, true),
('prod-139', 'https://cdn.dummyjson.com/product-images/sports-accessories/baseball-glove/2.webp', 1, false),
('prod-139', 'https://cdn.dummyjson.com/product-images/sports-accessories/baseball-glove/3.webp', 2, false),
('prod-140', 'https://cdn.dummyjson.com/product-images/sports-accessories/basketball/1.webp', 0, true),
('prod-141', 'https://cdn.dummyjson.com/product-images/sports-accessories/basketball-rim/1.webp', 0, true),
('prod-142', 'https://cdn.dummyjson.com/product-images/sports-accessories/cricket-ball/1.webp', 0, true),
('prod-143', 'https://cdn.dummyjson.com/product-images/sports-accessories/cricket-bat/1.webp', 0, true),
('prod-144', 'https://cdn.dummyjson.com/product-images/sports-accessories/cricket-helmet/1.webp', 0, true),
('prod-144', 'https://cdn.dummyjson.com/product-images/sports-accessories/cricket-helmet/2.webp', 1, false),
('prod-144', 'https://cdn.dummyjson.com/product-images/sports-accessories/cricket-helmet/3.webp', 2, false),
('prod-144', 'https://cdn.dummyjson.com/product-images/sports-accessories/cricket-helmet/4.webp', 3, false),
('prod-145', 'https://cdn.dummyjson.com/product-images/sports-accessories/cricket-wicket/1.webp', 0, true),
('prod-146', 'https://cdn.dummyjson.com/product-images/sports-accessories/feather-shuttlecock/1.webp', 0, true),
('prod-147', 'https://cdn.dummyjson.com/product-images/sports-accessories/football/1.webp', 0, true),
('prod-148', 'https://cdn.dummyjson.com/product-images/sports-accessories/golf-ball/1.webp', 0, true),
('prod-149', 'https://cdn.dummyjson.com/product-images/sports-accessories/iron-golf/1.webp', 0, true),
('prod-150', 'https://cdn.dummyjson.com/product-images/sports-accessories/metal-baseball-bat/1.webp', 0, true),
('prod-151', 'https://cdn.dummyjson.com/product-images/sports-accessories/tennis-ball/1.webp', 0, true),
('prod-152', 'https://cdn.dummyjson.com/product-images/sports-accessories/tennis-racket/1.webp', 0, true),
('prod-153', 'https://cdn.dummyjson.com/product-images/sports-accessories/volleyball/1.webp', 0, true),
('prod-154', 'https://cdn.dummyjson.com/product-images/sunglasses/black-sun-glasses/1.webp', 0, true),
('prod-154', 'https://cdn.dummyjson.com/product-images/sunglasses/black-sun-glasses/2.webp', 1, false),
('prod-154', 'https://cdn.dummyjson.com/product-images/sunglasses/black-sun-glasses/3.webp', 2, false),
('prod-155', 'https://cdn.dummyjson.com/product-images/sunglasses/classic-sun-glasses/1.webp', 0, true),
('prod-155', 'https://cdn.dummyjson.com/product-images/sunglasses/classic-sun-glasses/2.webp', 1, false),
('prod-155', 'https://cdn.dummyjson.com/product-images/sunglasses/classic-sun-glasses/3.webp', 2, false),
('prod-156', 'https://cdn.dummyjson.com/product-images/sunglasses/green-and-black-glasses/1.webp', 0, true),
('prod-156', 'https://cdn.dummyjson.com/product-images/sunglasses/green-and-black-glasses/2.webp', 1, false),
('prod-156', 'https://cdn.dummyjson.com/product-images/sunglasses/green-and-black-glasses/3.webp', 2, false),
('prod-157', 'https://cdn.dummyjson.com/product-images/sunglasses/party-glasses/1.webp', 0, true),
('prod-157', 'https://cdn.dummyjson.com/product-images/sunglasses/party-glasses/2.webp', 1, false),
('prod-157', 'https://cdn.dummyjson.com/product-images/sunglasses/party-glasses/3.webp', 2, false),
('prod-158', 'https://cdn.dummyjson.com/product-images/sunglasses/sunglasses/1.webp', 0, true),
('prod-158', 'https://cdn.dummyjson.com/product-images/sunglasses/sunglasses/2.webp', 1, false),
('prod-158', 'https://cdn.dummyjson.com/product-images/sunglasses/sunglasses/3.webp', 2, false),
('prod-162', 'https://cdn.dummyjson.com/product-images/tops/blue-frock/1.webp', 0, true),
('prod-162', 'https://cdn.dummyjson.com/product-images/tops/blue-frock/2.webp', 1, false),
('prod-162', 'https://cdn.dummyjson.com/product-images/tops/blue-frock/3.webp', 2, false),
('prod-162', 'https://cdn.dummyjson.com/product-images/tops/blue-frock/4.webp', 3, false),
('prod-163', 'https://cdn.dummyjson.com/product-images/tops/girl-summer-dress/1.webp', 0, true),
('prod-163', 'https://cdn.dummyjson.com/product-images/tops/girl-summer-dress/2.webp', 1, false),
('prod-163', 'https://cdn.dummyjson.com/product-images/tops/girl-summer-dress/3.webp', 2, false),
('prod-163', 'https://cdn.dummyjson.com/product-images/tops/girl-summer-dress/4.webp', 3, false),
('prod-164', 'https://cdn.dummyjson.com/product-images/tops/gray-dress/1.webp', 0, true),
('prod-164', 'https://cdn.dummyjson.com/product-images/tops/gray-dress/2.webp', 1, false),
('prod-164', 'https://cdn.dummyjson.com/product-images/tops/gray-dress/3.webp', 2, false),
('prod-164', 'https://cdn.dummyjson.com/product-images/tops/gray-dress/4.webp', 3, false),
('prod-165', 'https://cdn.dummyjson.com/product-images/tops/short-frock/1.webp', 0, true),
('prod-165', 'https://cdn.dummyjson.com/product-images/tops/short-frock/2.webp', 1, false),
('prod-165', 'https://cdn.dummyjson.com/product-images/tops/short-frock/3.webp', 2, false),
('prod-165', 'https://cdn.dummyjson.com/product-images/tops/short-frock/4.webp', 3, false),
('prod-166', 'https://cdn.dummyjson.com/product-images/tops/tartan-dress/1.webp', 0, true),
('prod-166', 'https://cdn.dummyjson.com/product-images/tops/tartan-dress/2.webp', 1, false),
('prod-166', 'https://cdn.dummyjson.com/product-images/tops/tartan-dress/3.webp', 2, false),
('prod-166', 'https://cdn.dummyjson.com/product-images/tops/tartan-dress/4.webp', 3, false),
('prod-172', 'https://cdn.dummyjson.com/product-images/womens-bags/blue-women''s-handbag/1.webp', 0, true),
('prod-172', 'https://cdn.dummyjson.com/product-images/womens-bags/blue-women''s-handbag/2.webp', 1, false),
('prod-172', 'https://cdn.dummyjson.com/product-images/womens-bags/blue-women''s-handbag/3.webp', 2, false),
('prod-173', 'https://cdn.dummyjson.com/product-images/womens-bags/heshe-women''s-leather-bag/1.webp', 0, true),
('prod-173', 'https://cdn.dummyjson.com/product-images/womens-bags/heshe-women''s-leather-bag/2.webp', 1, false),
('prod-173', 'https://cdn.dummyjson.com/product-images/womens-bags/heshe-women''s-leather-bag/3.webp', 2, false),
('prod-174', 'https://cdn.dummyjson.com/product-images/womens-bags/prada-women-bag/1.webp', 0, true),
('prod-174', 'https://cdn.dummyjson.com/product-images/womens-bags/prada-women-bag/2.webp', 1, false),
('prod-174', 'https://cdn.dummyjson.com/product-images/womens-bags/prada-women-bag/3.webp', 2, false),
('prod-175', 'https://cdn.dummyjson.com/product-images/womens-bags/white-faux-leather-backpack/1.webp', 0, true),
('prod-175', 'https://cdn.dummyjson.com/product-images/womens-bags/white-faux-leather-backpack/2.webp', 1, false),
('prod-175', 'https://cdn.dummyjson.com/product-images/womens-bags/white-faux-leather-backpack/3.webp', 2, false),
('prod-176', 'https://cdn.dummyjson.com/product-images/womens-bags/women-handbag-black/1.webp', 0, true),
('prod-176', 'https://cdn.dummyjson.com/product-images/womens-bags/women-handbag-black/2.webp', 1, false),
('prod-176', 'https://cdn.dummyjson.com/product-images/womens-bags/women-handbag-black/3.webp', 2, false),
('prod-177', 'https://cdn.dummyjson.com/product-images/womens-dresses/black-women''s-gown/1.webp', 0, true),
('prod-177', 'https://cdn.dummyjson.com/product-images/womens-dresses/black-women''s-gown/2.webp', 1, false),
('prod-177', 'https://cdn.dummyjson.com/product-images/womens-dresses/black-women''s-gown/3.webp', 2, false),
('prod-177', 'https://cdn.dummyjson.com/product-images/womens-dresses/black-women''s-gown/4.webp', 3, false),
('prod-178', 'https://cdn.dummyjson.com/product-images/womens-dresses/corset-leather-with-skirt/1.webp', 0, true),
('prod-178', 'https://cdn.dummyjson.com/product-images/womens-dresses/corset-leather-with-skirt/2.webp', 1, false),
('prod-178', 'https://cdn.dummyjson.com/product-images/womens-dresses/corset-leather-with-skirt/3.webp', 2, false),
('prod-178', 'https://cdn.dummyjson.com/product-images/womens-dresses/corset-leather-with-skirt/4.webp', 3, false),
('prod-179', 'https://cdn.dummyjson.com/product-images/womens-dresses/corset-with-black-skirt/1.webp', 0, true),
('prod-179', 'https://cdn.dummyjson.com/product-images/womens-dresses/corset-with-black-skirt/2.webp', 1, false),
('prod-179', 'https://cdn.dummyjson.com/product-images/womens-dresses/corset-with-black-skirt/3.webp', 2, false),
('prod-179', 'https://cdn.dummyjson.com/product-images/womens-dresses/corset-with-black-skirt/4.webp', 3, false),
('prod-180', 'https://cdn.dummyjson.com/product-images/womens-dresses/dress-pea/1.webp', 0, true),
('prod-180', 'https://cdn.dummyjson.com/product-images/womens-dresses/dress-pea/2.webp', 1, false),
('prod-180', 'https://cdn.dummyjson.com/product-images/womens-dresses/dress-pea/3.webp', 2, false),
('prod-180', 'https://cdn.dummyjson.com/product-images/womens-dresses/dress-pea/4.webp', 3, false),
('prod-181', 'https://cdn.dummyjson.com/product-images/womens-dresses/marni-red-&-black-suit/1.webp', 0, true),
('prod-181', 'https://cdn.dummyjson.com/product-images/womens-dresses/marni-red-&-black-suit/2.webp', 1, false),
('prod-181', 'https://cdn.dummyjson.com/product-images/womens-dresses/marni-red-&-black-suit/3.webp', 2, false),
('prod-181', 'https://cdn.dummyjson.com/product-images/womens-dresses/marni-red-&-black-suit/4.webp', 3, false),
('prod-182', 'https://cdn.dummyjson.com/product-images/womens-jewellery/green-crystal-earring/1.webp', 0, true),
('prod-182', 'https://cdn.dummyjson.com/product-images/womens-jewellery/green-crystal-earring/2.webp', 1, false),
('prod-182', 'https://cdn.dummyjson.com/product-images/womens-jewellery/green-crystal-earring/3.webp', 2, false),
('prod-183', 'https://cdn.dummyjson.com/product-images/womens-jewellery/green-oval-earring/1.webp', 0, true),
('prod-183', 'https://cdn.dummyjson.com/product-images/womens-jewellery/green-oval-earring/2.webp', 1, false),
('prod-183', 'https://cdn.dummyjson.com/product-images/womens-jewellery/green-oval-earring/3.webp', 2, false),
('prod-184', 'https://cdn.dummyjson.com/product-images/womens-jewellery/tropical-earring/1.webp', 0, true),
('prod-184', 'https://cdn.dummyjson.com/product-images/womens-jewellery/tropical-earring/2.webp', 1, false),
('prod-184', 'https://cdn.dummyjson.com/product-images/womens-jewellery/tropical-earring/3.webp', 2, false),
('prod-185', 'https://cdn.dummyjson.com/product-images/womens-shoes/black-&-brown-slipper/1.webp', 0, true),
('prod-185', 'https://cdn.dummyjson.com/product-images/womens-shoes/black-&-brown-slipper/2.webp', 1, false),
('prod-185', 'https://cdn.dummyjson.com/product-images/womens-shoes/black-&-brown-slipper/3.webp', 2, false),
('prod-185', 'https://cdn.dummyjson.com/product-images/womens-shoes/black-&-brown-slipper/4.webp', 3, false),
('prod-186', 'https://cdn.dummyjson.com/product-images/womens-shoes/calvin-klein-heel-shoes/1.webp', 0, true),
('prod-186', 'https://cdn.dummyjson.com/product-images/womens-shoes/calvin-klein-heel-shoes/2.webp', 1, false),
('prod-186', 'https://cdn.dummyjson.com/product-images/womens-shoes/calvin-klein-heel-shoes/3.webp', 2, false),
('prod-186', 'https://cdn.dummyjson.com/product-images/womens-shoes/calvin-klein-heel-shoes/4.webp', 3, false),
('prod-187', 'https://cdn.dummyjson.com/product-images/womens-shoes/golden-shoes-woman/1.webp', 0, true),
('prod-187', 'https://cdn.dummyjson.com/product-images/womens-shoes/golden-shoes-woman/2.webp', 1, false),
('prod-187', 'https://cdn.dummyjson.com/product-images/womens-shoes/golden-shoes-woman/3.webp', 2, false),
('prod-187', 'https://cdn.dummyjson.com/product-images/womens-shoes/golden-shoes-woman/4.webp', 3, false),
('prod-188', 'https://cdn.dummyjson.com/product-images/womens-shoes/pampi-shoes/1.webp', 0, true),
('prod-188', 'https://cdn.dummyjson.com/product-images/womens-shoes/pampi-shoes/2.webp', 1, false),
('prod-188', 'https://cdn.dummyjson.com/product-images/womens-shoes/pampi-shoes/3.webp', 2, false),
('prod-188', 'https://cdn.dummyjson.com/product-images/womens-shoes/pampi-shoes/4.webp', 3, false),
('prod-189', 'https://cdn.dummyjson.com/product-images/womens-shoes/red-shoes/1.webp', 0, true),
('prod-189', 'https://cdn.dummyjson.com/product-images/womens-shoes/red-shoes/2.webp', 1, false),
('prod-189', 'https://cdn.dummyjson.com/product-images/womens-shoes/red-shoes/3.webp', 2, false),
('prod-189', 'https://cdn.dummyjson.com/product-images/womens-shoes/red-shoes/4.webp', 3, false),
('prod-190', 'https://cdn.dummyjson.com/product-images/womens-watches/iwc-ingenieur-automatic-steel/1.webp', 0, true),
('prod-190', 'https://cdn.dummyjson.com/product-images/womens-watches/iwc-ingenieur-automatic-steel/2.webp', 1, false),
('prod-190', 'https://cdn.dummyjson.com/product-images/womens-watches/iwc-ingenieur-automatic-steel/3.webp', 2, false),
('prod-191', 'https://cdn.dummyjson.com/product-images/womens-watches/rolex-cellini-moonphase/1.webp', 0, true),
('prod-191', 'https://cdn.dummyjson.com/product-images/womens-watches/rolex-cellini-moonphase/2.webp', 1, false),
('prod-191', 'https://cdn.dummyjson.com/product-images/womens-watches/rolex-cellini-moonphase/3.webp', 2, false),
('prod-192', 'https://cdn.dummyjson.com/product-images/womens-watches/rolex-datejust-women/1.webp', 0, true),
('prod-192', 'https://cdn.dummyjson.com/product-images/womens-watches/rolex-datejust-women/2.webp', 1, false),
('prod-192', 'https://cdn.dummyjson.com/product-images/womens-watches/rolex-datejust-women/3.webp', 2, false),
('prod-193', 'https://cdn.dummyjson.com/product-images/womens-watches/watch-gold-for-women/1.webp', 0, true),
('prod-193', 'https://cdn.dummyjson.com/product-images/womens-watches/watch-gold-for-women/2.webp', 1, false),
('prod-193', 'https://cdn.dummyjson.com/product-images/womens-watches/watch-gold-for-women/3.webp', 2, false),
('prod-194', 'https://cdn.dummyjson.com/product-images/womens-watches/women''s-wrist-watch/1.webp', 0, true),
('prod-194', 'https://cdn.dummyjson.com/product-images/womens-watches/women''s-wrist-watch/2.webp', 1, false),
('prod-194', 'https://cdn.dummyjson.com/product-images/womens-watches/women''s-wrist-watch/3.webp', 2, false);
